Addr1,Addr2,Addr3,Addr4,Addr5
峡路,宋朝,,,
忠州,峡路,宋朝,,
龙渠,忠州,峡路,宋朝,
南宾,忠州,峡路,宋朝,
酆都,忠州,峡路,宋朝,
桂溪,忠州,峡路,宋朝,
垫江,忠州,峡路,宋朝,
临江,忠州,峡路,宋朝,
达州,峡路,宋朝,,
新宁,达州,峡路,宋朝,
东乡,达州,峡路,宋朝,
通明,达州,峡路,宋朝,
黔州,峡路,宋朝,,
彭水,黔州,峡路,宋朝,
黔江,黔州,峡路,宋朝,
洪都,黔州,峡路,宋朝,
洋水,黔州,峡路,宋朝,
信宁,黔州,峡路,宋朝,
都濡,黔州,峡路,宋朝,
务川城,黔州,峡路,宋朝,
洋羁縻州,黔州,峡路,宋朝,
蛮羁縻州,黔州,峡路,宋朝,
大万谷乐羁縻州,黔州,峡路,宋朝,
功羁縻州,黔州,峡路,宋朝,
普宁羁縻州,黔州,峡路,宋朝,
蒋羁縻州,黔州,峡路,宋朝,
陈蒙羁縻州,黔州,峡路,宋朝,
候羁縻州,黔州,峡路,宋朝,
犍羁縻州,黔州,峡路,宋朝,
庄羁縻州,黔州,峡路,宋朝,
邦羁縻州,黔州,峡路,宋朝,
邦羁縻州,黔州,峡路,宋朝,
南宁羁縻州,黔州,峡路,宋朝,
和武羁縻州,黔州,峡路,宋朝,
乡羁縻州,黔州,峡路,宋朝,
罗嵩羁縻州,黔州,峡路,宋朝,
牂羁縻州,黔州,峡路,宋朝,
合江羁縻州,黔州,峡路,宋朝,
南州羁縻州,黔州,峡路,宋朝,
充羁縻州,黔州,峡路,宋朝,
南平羁縻州,黔州,峡路,宋朝,
南羁縻州,黔州,峡路,宋朝,
夷羁縻州,黔州,峡路,宋朝,
溱羁縻州,黔州,峡路,宋朝,
秬羁縻州,黔州,峡路,宋朝,
邦羁縻州,黔州,峡路,宋朝,
兴州,峡路,宋朝,,
长举,兴州,峡路,宋朝,
略阳,兴州,峡路,宋朝,
顺政,兴州,峡路,宋朝,
剑州,峡路,宋朝,,
普安,剑州,峡路,宋朝,
梓潼,剑州,峡路,宋朝,
阴平,剑州,峡路,宋朝,
武连,剑州,峡路,宋朝,
普城,剑州,峡路,宋朝,
临津,剑州,峡路,宋朝,
永归,剑州,峡路,宋朝,
剑门,剑州,峡路,宋朝,
广安军,峡路,宋朝,,
和溪,广安军,峡路,宋朝,
岳池,广安军,峡路,宋朝,
新明,广安军,峡路,宋朝,
渠江,广安军,峡路,宋朝,
泸州,峡路,宋朝,,
泸川军节度,泸州,峡路,宋朝,
罗氏部,泸州,峡路,宋朝,
泸川,泸州,峡路,宋朝,
富义,泸州,峡路,宋朝,
淯井监,泸州,峡路,宋朝,
武都城,泸州,峡路,宋朝,
九支城,泸州,峡路,宋朝,
绵水,泸州,峡路,宋朝,
纳溪,泸州,峡路,宋朝,
乐共城,泸州,峡路,宋朝,
泾南,泸州,峡路,宋朝,
合江,泸州,峡路,宋朝,
江安,泸州,峡路,宋朝,
果州,峡路,宋朝,,
流溪,果州,峡路,宋朝,
岳池,果州,峡路,宋朝,
相如,果州,峡路,宋朝,
西充,果州,峡路,宋朝,
南充,果州,峡路,宋朝,
罗殿,峡路,宋朝,,
龙州,峡路,宋朝,,
江油,龙州,峡路,宋朝,
清川,龙州,峡路,宋朝,
三泉,峡路,宋朝,,
西县,峡路,宋朝,,
富顺监,峡路,宋朝,,
富顺,富顺监,峡路,宋朝,
文贵,峡路,宋朝,,
文贵,文贵,峡路,宋朝,
光荣,峡路,宋朝,,
光荣,光荣,峡路,宋朝,
田氏,峡路,宋朝,,
邛水,田氏,峡路,宋朝,
邛水,田氏,峡路,宋朝,
务川,田氏,峡路,宋朝,
安夷,田氏,峡路,宋朝,
邛水,田氏,峡路,宋朝,
大宁监,峡路,宋朝,,
大宁监,大宁监,峡路,宋朝,
大昌,大宁监,峡路,宋朝,
南平军,峡路,宋朝,,
隆化,南平军,峡路,宋朝,
南川,南平军,峡路,宋朝,
播川城,南平军,峡路,宋朝,
梁山军,峡路,宋朝,,
梁山,梁山军,峡路,宋朝,
梁山,梁山军,峡路,宋朝,
云安军,峡路,宋朝,,
安义,云安军,峡路,宋朝,
云安,云安军,峡路,宋朝,
渝州,峡路,宋朝,,
巴县,渝州,峡路,宋朝,
江津,渝州,峡路,宋朝,
壁山,渝州,峡路,宋朝,
万寿,渝州,峡路,宋朝,
南平,渝州,峡路,宋朝,
南川,渝州,峡路,宋朝,
南羁縻州,渝州,峡路,宋朝,
溱羁縻州,渝州,峡路,宋朝,
涪州,峡路,宋朝,,
涪陵,涪州,峡路,宋朝,
乐温,涪州,峡路,宋朝,
枳县,涪州,峡路,宋朝,
宾化,涪州,峡路,宋朝,
温山,涪州,峡路,宋朝,
武龙,涪州,峡路,宋朝,
隆化,涪州,峡路,宋朝,
开州,峡路,宋朝,,
开江,开州,峡路,宋朝,
万岁,开州,峡路,宋朝,
清水,开州,峡路,宋朝,
新浦,开州,峡路,宋朝,
万州,峡路,宋朝,,
南浦,万州,峡路,宋朝,
武宁,万州,峡路,宋朝,
梁山,万州,峡路,宋朝,
施州,峡路,宋朝,,
清江,施州,峡路,宋朝,
建始,施州,峡路,宋朝,
清江郡,施州,峡路,宋朝,
夔州,峡路,宋朝,,
宁江军节度,夔州,峡路,宋朝,
云安,夔州,峡路,宋朝,
大昌,夔州,峡路,宋朝,
巫山,夔州,峡路,宋朝,
奉节,夔州,峡路,宋朝,
壁州,峡路,宋朝,,
白石,壁州,峡路,宋朝,
符阳,壁州,峡路,宋朝,
通江,壁州,峡路,宋朝,
集州,峡路,宋朝,,
大牟,集州,峡路,宋朝,
通平,集州,峡路,宋朝,
嘉川,集州,峡路,宋朝,
清化,集州,峡路,宋朝,
难江,集州,峡路,宋朝,
蓬州,峡路,宋朝,,
蓬池,蓬州,峡路,宋朝,
仪陇,蓬州,峡路,宋朝,
朗池,蓬州,峡路,宋朝,
营山,蓬州,峡路,宋朝,
伏虞,蓬州,峡路,宋朝,
蓬山,蓬州,峡路,宋朝,
宕渠,蓬州,峡路,宋朝,
相如,蓬州,峡路,宋朝,
良山,蓬州,峡路,宋朝,
文州,峡路,宋朝,,
曲水,文州,峡路,宋朝,
巴州,峡路,宋朝,,
化城,巴州,峡路,宋朝,
恩阳,巴州,峡路,宋朝,
曾口,巴州,峡路,宋朝,
盘道,巴州,峡路,宋朝,
归仁,巴州,峡路,宋朝,
始宁,巴州,峡路,宋朝,
其章,巴州,峡路,宋朝,
七盘,巴州,峡路,宋朝,
清化,巴州,峡路,宋朝,
通江,巴州,峡路,宋朝,
难江,巴州,峡路,宋朝,
阆州,峡路,宋朝,,
阆中,阆州,峡路,宋朝,
苍溪,阆州,峡路,宋朝,
南部,阆州,峡路,宋朝,
新井,阆州,峡路,宋朝,
奉国,阆州,峡路,宋朝,
新政,阆州,峡路,宋朝,
西水,阆州,峡路,宋朝,
岐山,阆州,峡路,宋朝,
晋安,阆州,峡路,宋朝,
安德军节度,阆州,峡路,宋朝,
洋州,峡路,宋朝,,
兴道,洋州,峡路,宋朝,
西乡,洋州,峡路,宋朝,
真符,洋州,峡路,宋朝,
武康军节度,洋州,峡路,宋朝,
武定军节度,洋州,峡路,宋朝,
利州,峡路,宋朝,,
嘉川,利州,峡路,宋朝,
宁武军节度,利州,峡路,宋朝,
昭武军节度,利州,峡路,宋朝,
平蜀,利州,峡路,宋朝,
裔山,利州,峡路,宋朝,
昭化,利州,峡路,宋朝,
益昌,利州,峡路,宋朝,
葭萌,利州,峡路,宋朝,
绵谷,利州,峡路,宋朝,
兴元府,峡路,宋朝,,
三泉,兴元府,峡路,宋朝,
西县,兴元府,峡路,宋朝,
山南西道节度,兴元府,峡路,宋朝,
西县,兴元府,峡路,宋朝,
褒城,兴元府,峡路,宋朝,
城固,兴元府,峡路,宋朝,
廉水,兴元府,峡路,宋朝,
南郑,兴元府,峡路,宋朝,
富义监,峡路,宋朝,,
富义监,富义监,峡路,宋朝,
富顺,富义监,峡路,宋朝,
富顺监,富义监,峡路,宋朝,
富顺,富顺监,富义监,峡路,宋朝
怀安军,峡路,宋朝,,
金堂,怀安军,峡路,宋朝,
金水,怀安军,峡路,宋朝,
渠州,峡路,宋朝,,
邻水,渠州,峡路,宋朝,
邻山,渠州,峡路,宋朝,
渠江,渠州,峡路,宋朝,
大竹,渠州,峡路,宋朝,
流江,渠州,峡路,宋朝,
戎州,峡路,宋朝,,
棘道,戎州,峡路,宋朝,
义宾,戎州,峡路,宋朝,
宣化,戎州,峡路,宋朝,
南溪,戎州,峡路,宋朝,
开边,戎州,峡路,宋朝,
归顺,戎州,峡路,宋朝,
马湖江部,戎州,峡路,宋朝,
石门路,戎州,峡路,宋朝,
南广部,戎州,峡路,宋朝,
宜宾,戎州,峡路,宋朝,
庆符,戎州,峡路,宋朝,
荣州,峡路,宋朝,,
和义,荣州,峡路,宋朝,
公井,荣州,峡路,宋朝,
应灵,荣州,峡路,宋朝,
资官,荣州,峡路,宋朝,
威远,荣州,峡路,宋朝,
荣德,荣州,峡路,宋朝,
旭川,荣州,峡路,宋朝,
合州,峡路,宋朝,,
石镜,合州,峡路,宋朝,
石照,合州,峡路,宋朝,
汉初,合州,峡路,宋朝,
巴川,合州,峡路,宋朝,
铜梁,合州,峡路,宋朝,
新明,合州,峡路,宋朝,
赤水,合州,峡路,宋朝,
昌州,峡路,宋朝,,
大足,昌州,峡路,宋朝,
昌元,昌州,峡路,宋朝,
永川,昌州,峡路,宋朝,
普州,峡路,宋朝,,
安岳,普州,峡路,宋朝,
普康,普州,峡路,宋朝,
安居,普州,峡路,宋朝,
崇龛,普州,峡路,宋朝,
乐至,普州,峡路,宋朝,
资州,峡路,宋朝,,
资阳,资州,峡路,宋朝,
龙水,资州,峡路,宋朝,
内江,资州,峡路,宋朝,
银山,资州,峡路,宋朝,
月山,资州,峡路,宋朝,
丹山,资州,峡路,宋朝,
清溪,资州,峡路,宋朝,
磐石,资州,峡路,宋朝,
遂州,峡路,宋朝,,
方义,遂州,峡路,宋朝,
小溪,遂州,峡路,宋朝,
长江,遂州,峡路,宋朝,
蓬溪,遂州,峡路,宋朝,
遂宁,遂州,峡路,宋朝,
青石,遂州,峡路,宋朝,
梓州,峡路,宋朝,,
永泰,梓州,峡路,宋朝,
剑南东川节度,梓州,峡路,宋朝,
安泰,梓州,峡路,宋朝,
东关,梓州,峡路,宋朝,
铜山,梓州,峡路,宋朝,
飞乌,梓州,峡路,宋朝,
通泉,梓州,峡路,宋朝,
盐亭,梓州,峡路,宋朝,
射洪,梓州,峡路,宋朝,
涪城,梓州,峡路,宋朝,
中江,梓州,峡路,宋朝,
元武,梓州,峡路,宋朝,
郪县,梓州,峡路,宋朝,
Aboriginal Tribal Lands,宋朝,,,
西夏,宋朝,,,
西夏,西夏,宋朝,,
吐蕃诸部,宋朝,,,
大理,宋朝,,,
广南西路,宋朝,,,
归顺羁縻州,广南西路,宋朝,,
特磨道,广南西路,宋朝,,
自杞,广南西路,宋朝,,
观州,广南西路,宋朝,,
观州,观州,广南西路,宋朝,
崖州,广南西路,宋朝,,
文昌,崖州,广南西路,宋朝,
澄迈,崖州,广南西路,宋朝,
舍城,崖州,广南西路,宋朝,
常乐州,广南西路,宋朝,,
常乐州,常乐州,广南西路,宋朝,
盐场,常乐州,广南西路,宋朝,
党州,广南西路,宋朝,,
抚康,党州,广南西路,宋朝,
善牢,党州,广南西路,宋朝,
容山,党州,广南西路,宋朝,
怀义,党州,广南西路,宋朝,
牢州,广南西路,宋朝,,
定川,牢州,广南西路,宋朝,
岩川,牢州,广南西路,宋朝,
南流,牢州,广南西路,宋朝,
窦州,广南西路,宋朝,,
怀德,窦州,广南西路,宋朝,
潭峨,窦州,广南西路,宋朝,
特亮,窦州,广南西路,宋朝,
电白,窦州,广南西路,宋朝,
信义,窦州,广南西路,宋朝,
茂名,窦州,广南西路,宋朝,
潘州,广南西路,宋朝,,
潘水,潘州,广南西路,宋朝,
南邑,潘州,广南西路,宋朝,
茂名,潘州,广南西路,宋朝,
罗州,广南西路,宋朝,,
廉江,罗州,广南西路,宋朝,
干水,罗州,广南西路,宋朝,
零禄,罗州,广南西路,宋朝,
吴川,罗州,广南西路,宋朝,
蛮州,广南西路,宋朝,,
武罗,蛮州,广南西路,宋朝,
灵竹,蛮州,广南西路,宋朝,
永定,蛮州,广南西路,宋朝,
思明州,广南西路,宋朝,,
南义州,广南西路,宋朝,,
岑溪,南义州,广南西路,宋朝,
永业,南义州,广南西路,宋朝,
连城,南义州,广南西路,宋朝,
蒙州,广南西路,宋朝,,
正义,蒙州,广南西路,宋朝,
蒙山,蒙州,广南西路,宋朝,
东区,蒙州,广南西路,宋朝,
立山,蒙州,广南西路,宋朝,
富州,广南西路,宋朝,,
马江,富州,广南西路,宋朝,
思懃,富州,广南西路,宋朝,
龙平,富州,广南西路,宋朝,
平州,广南西路,宋朝,,
怀远,平州,广南西路,宋朝,
严州,广南西路,宋朝,,
归化,严州,广南西路,宋朝,
来宾,严州,广南西路,宋朝,
澄州,广南西路,宋朝,,
无虞,澄州,广南西路,宋朝,
止戈,澄州,广南西路,宋朝,
贺水,澄州,广南西路,宋朝,
上林,澄州,广南西路,宋朝,
禺州,广南西路,宋朝,,
峨石,禺州,广南西路,宋朝,
扶莱,禺州,广南西路,宋朝,
陵城,禺州,广南西路,宋朝,
罗辨,禺州,广南西路,宋朝,
顺州,广南西路,宋朝,,
温水,顺州,广南西路,宋朝,
南河,顺州,广南西路,宋朝,
龙豪,顺州,广南西路,宋朝,
龙化,顺州,广南西路,宋朝,
绣州,广南西路,宋朝,,
常林,绣州,广南西路,宋朝,
阿林,绣州,广南西路,宋朝,
罗绣,绣州,广南西路,宋朝,
溥州,广南西路,宋朝,,
全义,溥州,广南西路,宋朝,
贺州,广南西路,宋朝,,
临贺,贺州,广南西路,宋朝,
桂岭,贺州,广南西路,宋朝,
富川,贺州,广南西路,宋朝,
冯乘,贺州,广南西路,宋朝,
封阳,贺州,广南西路,宋朝,
荡山,贺州,广南西路,宋朝,
朱崖军,广南西路,宋朝,,
振州,广南西路,宋朝,,
朱崖,振州,广南西路,宋朝,
宁远,振州,广南西路,宋朝,
吉阳,振州,广南西路,宋朝,
宁远,振州,广南西路,宋朝,
吉阳军,振州,广南西路,宋朝,
万安军,广南西路,宋朝,,
儋州,广南西路,宋朝,,
义伦,儋州,广南西路,宋朝,
昌化,儋州,广南西路,宋朝,
昌化,儋州,广南西路,宋朝,
宜伦,儋州,广南西路,宋朝,
感恩,儋州,广南西路,宋朝,
琼州,广南西路,宋朝,,
陵水,琼州,广南西路,宋朝,
舍城,琼州,广南西路,宋朝,
澄迈,琼州,广南西路,宋朝,
文昌,琼州,广南西路,宋朝,
感恩,琼州,广南西路,宋朝,
宁远,琼州,广南西路,宋朝,
宜伦,琼州,广南西路,宋朝,
吉阳,琼州,广南西路,宋朝,
靖海军节度,琼州,广南西路,宋朝,
昌化,琼州,广南西路,宋朝,
万宁,琼州,广南西路,宋朝,
乐会,琼州,广南西路,宋朝,
临高,琼州,广南西路,宋朝,
琼山,琼州,广南西路,宋朝,
太平军,广南西路,宋朝,,
郁林州,广南西路,宋朝,,
南流,郁林州,广南西路,宋朝,
兴业,郁林州,广南西路,宋朝,
郁平,郁林州,广南西路,宋朝,
兴德,郁林州,广南西路,宋朝,
南流,郁林州,广南西路,宋朝,
博白,郁林州,广南西路,宋朝,
钦州,广南西路,宋朝,,
灵山,钦州,广南西路,宋朝,
保京,钦州,广南西路,宋朝,
安京,钦州,广南西路,宋朝,
安远,钦州,广南西路,宋朝,
钦江,钦州,广南西路,宋朝,
遵化,钦州,广南西路,宋朝,
内亭,钦州,广南西路,宋朝,
雷州,广南西路,宋朝,,
遂溪,雷州,广南西路,宋朝,
海康,雷州,广南西路,宋朝,
徐闻,雷州,广南西路,宋朝,
徐闻,雷州,广南西路,宋朝,
遂溪,雷州,广南西路,宋朝,
辨州,广南西路,宋朝,,
石城,辨州,广南西路,宋朝,
陵罗,辨州,广南西路,宋朝,
吴川,辨州,广南西路,宋朝,
石龙,辨州,广南西路,宋朝,
罗辨,辨州,广南西路,宋朝,
龙化,辨州,广南西路,宋朝,
横州,广南西路,宋朝,,
乐山,横州,广南西路,宋朝,
从化,横州,广南西路,宋朝,
岭山,横州,广南西路,宋朝,
宁浦,横州,广南西路,宋朝,
永定,横州,广南西路,宋朝,
宾州,广南西路,宋朝,,
岭方,宾州,广南西路,宋朝,
迁江,宾州,广南西路,宋朝,
琅琊,宾州,广南西路,宋朝,
保城,宾州,广南西路,宋朝,
上林,宾州,广南西路,宋朝,
庆远府,广南西路,宋朝,,
庆远军节度,庆远府,广南西路,宋朝,
柳州,广南西路,宋朝,,
马平,柳州,广南西路,宋朝,
洛容,柳州,广南西路,宋朝,
龙城,柳州,广南西路,宋朝,
柳城,柳州,广南西路,宋朝,
象县,柳州,广南西路,宋朝,
洛漕,柳州,广南西路,宋朝,
贵州,广南西路,宋朝,,
郁林,贵州,广南西路,宋朝,
怀泽,贵州,广南西路,宋朝,
义山,贵州,广南西路,宋朝,
潮水,贵州,广南西路,宋朝,
浔州,广南西路,宋朝,,
桂平,浔州,广南西路,宋朝,
皇化,浔州,广南西路,宋朝,
大宾,浔州,广南西路,宋朝,
平南,浔州,广南西路,宋朝,
藤州,广南西路,宋朝,,
镡津,藤州,广南西路,宋朝,
感义,藤州,广南西路,宋朝,
义昌,藤州,广南西路,宋朝,
宁风,藤州,广南西路,宋朝,
岑溪,藤州,广南西路,宋朝,
梧州,广南西路,宋朝,,
苍梧,梧州,广南西路,宋朝,
戎城,梧州,广南西路,宋朝,
孟陵,梧州,广南西路,宋朝,
龙平,梧州,广南西路,宋朝,
昭州,广南西路,宋朝,,
平乐,昭州,广南西路,宋朝,
昭平,昭州,广南西路,宋朝,
恭城,昭州,广南西路,宋朝,
永平,昭州,广南西路,宋朝,
立山,昭州,广南西路,宋朝,
龙平,昭州,广南西路,宋朝,
融州,广南西路,宋朝,,
罗城,融州,广南西路,宋朝,
武阳,融州,广南西路,宋朝,
怀远,融州,广南西路,宋朝,
清远军节度,融州,广南西路,宋朝,
天河,融州,广南西路,宋朝,
怀远,融州,广南西路,宋朝,
融水,融州,广南西路,宋朝,
象州,广南西路,宋朝,,
阳寿,象州,广南西路,宋朝,
武仙,象州,广南西路,宋朝,
来宾,象州,广南西路,宋朝,
武化,象州,广南西路,宋朝,
邕州,广南西路,宋朝,,
上林,邕州,广南西路,宋朝,
建武军节度,邕州,广南西路,宋朝,
思刚羁縻州,邕州,广南西路,宋朝,
左江道,邕州,广南西路,宋朝,
右江道,邕州,广南西路,宋朝,
乐昌,邕州,广南西路,宋朝,
晋兴,邕州,广南西路,宋朝,
如和,邕州,广南西路,宋朝,
思笼,邕州,广南西路,宋朝,
封陵,邕州,广南西路,宋朝,
郎宁,邕州,广南西路,宋朝,
武缘,邕州,广南西路,宋朝,
宣化,邕州,广南西路,宋朝,
容州,广南西路,宋朝,,
北流,容州,广南西路,宋朝,
陆川,容州,广南西路,宋朝,
欣道,容州,广南西路,宋朝,
渭龙,容州,广南西路,宋朝,
宁远军节度,容州,广南西路,宋朝,
普宁,容州,广南西路,宋朝,
陆川,容州,广南西路,宋朝,
桂州,广南西路,宋朝,,
静江军节度,桂州,广南西路,宋朝,
荔浦,桂州,广南西路,宋朝,
临桂,桂州,广南西路,宋朝,
义宁,桂州,广南西路,宋朝,
永宁,桂州,广南西路,宋朝,
全义,桂州,广南西路,宋朝,
修仁,桂州,广南西路,宋朝,
慕化,桂州,广南西路,宋朝,
古县,桂州,广南西路,宋朝,
理定,桂州,广南西路,宋朝,
永福,桂州,广南西路,宋朝,
永宁,桂州,广南西路,宋朝,
丰水,桂州,广南西路,宋朝,
阳朔,桂州,广南西路,宋朝,
灵川,桂州,广南西路,宋朝,
兴安,桂州,广南西路,宋朝,
安化羁縻州,广南西路,宋朝,,
富羁縻州,广南西路,宋朝,,
南丹,广南西路,宋朝,,
龚州,广南西路,宋朝,,
武林,龚州,广南西路,宋朝,
隋建,龚州,广南西路,宋朝,
大同,龚州,广南西路,宋朝,
阳川,龚州,广南西路,宋朝,
平南,龚州,广南西路,宋朝,
武郎,龚州,广南西路,宋朝,
高州,广南西路,宋朝,,
信宜,高州,广南西路,宋朝,
良德,高州,广南西路,宋朝,
保定,高州,广南西路,宋朝,
电白,高州,广南西路,宋朝,
茂名,高州,广南西路,宋朝,
电白,高州,广南西路,宋朝,
白州,广南西路,宋朝,,
建宁,白州,广南西路,宋朝,
周罗,白州,广南西路,宋朝,
南昌,白州,广南西路,宋朝,
博白,白州,广南西路,宋朝,
昌化军,广南西路,宋朝,,
宜伦,昌化军,广南西路,宋朝,
感恩,昌化军,广南西路,宋朝,
昌化,昌化军,广南西路,宋朝,
吉阳军,广南西路,宋朝,,
静江府,广南西路,宋朝,,
荔浦,静江府,广南西路,宋朝,
临桂,静江府,广南西路,宋朝,
义宁,静江府,广南西路,宋朝,
永宁,静江府,广南西路,宋朝,
修仁,静江府,广南西路,宋朝,
桂州节度,静江府,广南西路,宋朝,
宜州,广南西路,宋朝,,
龙水,宜州,广南西路,宋朝,
宜山,宜州,广南西路,宋朝,
忻城,宜州,广南西路,宋朝,
环羁縻州,宜州,广南西路,宋朝,
思恩,宜州,广南西路,宋朝,
智羁縻州,宜州,广南西路,宋朝,
河池,宜州,广南西路,宋朝,
芝忻羁縻州,宜州,广南西路,宋朝,
归恩羁縻州,宜州,广南西路,宋朝,
纡羁縻州,宜州,广南西路,宋朝,
天河,宜州,广南西路,宋朝,
洛漕,宜州,广南西路,宋朝,
化州,广南西路,宋朝,,
吴川,化州,广南西路,宋朝,
石龙,化州,广南西路,宋朝,
罗辨,化州,广南西路,宋朝,
龙化,化州,广南西路,宋朝,
廉州,广南西路,宋朝,,
合浦,廉州,广南西路,宋朝,
石康,廉州,广南西路,宋朝,
封山,廉州,广南西路,宋朝,
蔡龙,廉州,广南西路,宋朝,
大廉,廉州,广南西路,宋朝,
合浦,廉州,广南西路,宋朝,
万安州,广南西路,宋朝,,
万宁,万安州,广南西路,宋朝,
陵水,万安州,广南西路,宋朝,
思唐州,广南西路,宋朝,,
平原,思唐州,广南西路,宋朝,
武郎,思唐州,广南西路,宋朝,
南仪州,广南西路,宋朝,,
广南东路,宋朝,,,
南恩州,广南东路,宋朝,,
英州,广南东路,宋朝,,
含光,英州,广南东路,宋朝,
滇阳,英州,广南东路,宋朝,
滇阳,英州,广南东路,宋朝,
南雄州,广南东路,宋朝,,
阳江,南雄州,广南东路,宋朝,
阳春,南雄州,广南东路,宋朝,
始兴,南雄州,广南东路,宋朝,
德庆府,广南东路,宋朝,,
泷水,德庆府,广南东路,宋朝,
肇庆府,广南东路,宋朝,,
四会,肇庆府,广南东路,宋朝,
梅州,广南东路,宋朝,,
程乡,梅州,广南东路,宋朝,
封州,广南东路,宋朝,,
开建,封州,广南东路,宋朝,
封川,封州,广南东路,宋朝,
贺州,广南东路,宋朝,,
临贺,贺州,广南东路,宋朝,
桂岭,贺州,广南东路,宋朝,
富川,贺州,广南东路,宋朝,
冯乘,贺州,广南东路,宋朝,
封阳,贺州,广南东路,宋朝,
荡山,贺州,广南东路,宋朝,
勤州,广南东路,宋朝,,
铜陵,勤州,广南东路,宋朝,
富林,勤州,广南东路,宋朝,
春州,广南东路,宋朝,,
阳春,春州,广南东路,宋朝,
罗水,春州,广南东路,宋朝,
流南,春州,广南东路,宋朝,
铜陵,春州,广南东路,宋朝,
铜陵,春州,广南东路,宋朝,
泷州,广南东路,宋朝,,
开阳,泷州,广南东路,宋朝,
建水,泷州,广南东路,宋朝,
镇南,泷州,广南东路,宋朝,
泷水,泷州,广南东路,宋朝,
惠州,广南东路,宋朝,,
海丰,惠州,广南东路,宋朝,
博罗,惠州,广南东路,宋朝,
河源,惠州,广南东路,宋朝,
归善,惠州,广南东路,宋朝,
英德府,广南东路,宋朝,,
雄州,广南东路,宋朝,,
滇昌,雄州,广南东路,宋朝,
保昌,雄州,广南东路,宋朝,
始兴,雄州,广南东路,宋朝,
恭州,广南东路,宋朝,,
程乡,恭州,广南东路,宋朝,
恩州,广南东路,宋朝,,
恩平,恩州,广南东路,宋朝,
杜陵,恩州,广南东路,宋朝,
阳春,恩州,广南东路,宋朝,
阳江,恩州,广南东路,宋朝,
康州,广南东路,宋朝,,
开建,康州,广南东路,宋朝,
泷水,康州,广南东路,宋朝,
封川,康州,广南东路,宋朝,
都城,康州,广南东路,宋朝,
晋康,康州,广南东路,宋朝,
悦城,康州,广南东路,宋朝,
端溪,康州,广南东路,宋朝,
新州,广南东路,宋朝,,
永顺,新州,广南东路,宋朝,
信安,新州,广南东路,宋朝,
新兴,新州,广南东路,宋朝,
端州,广南东路,宋朝,,
四会,端州,广南东路,宋朝,
平兴,端州,广南东路,宋朝,
高要,端州,广南东路,宋朝,
连州,广南东路,宋朝,,
连山,连州,广南东路,宋朝,
桂阳,连州,广南东路,宋朝,
含洭,连州,广南东路,宋朝,
含光,连州,广南东路,宋朝,
阳山,连州,广南东路,宋朝,
潮州,广南东路,宋朝,,
程乡,潮州,广南东路,宋朝,
潮阳,潮州,广南东路,宋朝,
海阳,潮州,广南东路,宋朝,
揭阳,潮州,广南东路,宋朝,
循州,广南东路,宋朝,,
雷乡,循州,广南东路,宋朝,
兴宁,循州,广南东路,宋朝,
兴宁,循州,广南东路,宋朝,
长乐,循州,广南东路,宋朝,
龙川,循州,广南东路,宋朝,
韶州,广南东路,宋朝,,
乐昌,韶州,广南东路,宋朝,
曲江,韶州,广南东路,宋朝,
始兴,韶州,广南东路,宋朝,
仁化,韶州,广南东路,宋朝,
乳源,韶州,广南东路,宋朝,
仁化,韶州,广南东路,宋朝,
建福,韶州,广南东路,宋朝,
翁源,韶州,广南东路,宋朝,
广州,广南东路,宋朝,,
香山,广州,广南东路,宋朝,
番禺,广州,广南东路,宋朝,
东莞,广州,广南东路,宋朝,
新会,广州,广南东路,宋朝,
四会,广州,广南东路,宋朝,
含洭,广州,广南东路,宋朝,
南海,广州,广南东路,宋朝,
信安,广州,广南东路,宋朝,
清海军节度,广州,广南东路,宋朝,
蒙化,广州,广南东路,宋朝,
洊水,广州,广南东路,宋朝,
咸宁,广州,广南东路,宋朝,
常康,广州,广南东路,宋朝,
义宁,广州,广南东路,宋朝,
东莞,广州,广南东路,宋朝,
怀集,广州,广南东路,宋朝,
增城,广州,广南东路,宋朝,
清远,广州,广南东路,宋朝,
番禺,广州,广南东路,宋朝,
广南路,宋朝,,,
福建路,宋朝,,,
南剑州,福建路,宋朝,,
将乐,南剑州,福建路,宋朝,
顺昌,南剑州,福建路,宋朝,
沙县,南剑州,福建路,宋朝,
尤溪,南剑州,福建路,宋朝,
剑浦,南剑州,福建路,宋朝,
建州,福建路,宋朝,,
邵武,建州,福建路,宋朝,
瓯宁,建州,福建路,宋朝,
归化,建州,福建路,宋朝,
建安,建州,福建路,宋朝,
将乐,建州,福建路,宋朝,
建宁,建州,福建路,宋朝,
松溪,建州,福建路,宋朝,
政和,建州,福建路,宋朝,
关隶,建州,福建路,宋朝,
崇安,建州,福建路,宋朝,
崇安场,建州,福建路,宋朝,
浦城,建州,福建路,宋朝,
嘉禾,建州,福建路,宋朝,
建阳,建州,福建路,宋朝,
兴化军,福建路,宋朝,,
莆田,兴化军,福建路,宋朝,
仙游,兴化军,福建路,宋朝,
兴化,兴化军,福建路,宋朝,
邵武军,福建路,宋朝,,
邵武,邵武军,福建路,宋朝,
归化,邵武军,福建路,宋朝,
建宁,邵武军,福建路,宋朝,
建宁,邵武军,福建路,宋朝,
泰宁,邵武军,福建路,宋朝,
光泽,邵武军,福建路,宋朝,
漳州,福建路,宋朝,,
长泰,漳州,福建路,宋朝,
龙岩,漳州,福建路,宋朝,
漳浦,漳州,福建路,宋朝,
龙溪,漳州,福建路,宋朝,
海口镇,龙溪,漳州,福建路,宋朝
汀州,福建路,宋朝,,
长汀,汀州,福建路,宋朝,
宁化,汀州,福建路,宋朝,
武平,汀州,福建路,宋朝,
武平场,汀州,福建路,宋朝,
上杭,汀州,福建路,宋朝,
上杭场,汀州,福建路,宋朝,
清流,汀州,福建路,宋朝,
剑州,福建路,宋朝,,
剑浦,剑州,福建路,宋朝,
尤溪,剑州,福建路,宋朝,
沙县,剑州,福建路,宋朝,
顺昌,剑州,福建路,宋朝,
将乐,剑州,福建路,宋朝,
泉州,福建路,宋朝,,
长泰,泉州,福建路,宋朝,
莆田,泉州,福建路,宋朝,
晋江,泉州,福建路,宋朝,
仙游,泉州,福建路,宋朝,
平海军节度,泉州,福建路,宋朝,
德化,泉州,福建路,宋朝,
安溪,泉州,福建路,宋朝,
清溪,泉州,福建路,宋朝,
永春,泉州,福建路,宋朝,
惠安,泉州,福建路,宋朝,
同安,泉州,福建路,宋朝,
南安,泉州,福建路,宋朝,
建宁府,福建路,宋朝,,
建州节度,建宁府,福建路,宋朝,
福州,福建路,宋朝,,
威武军节度,福州,福建路,宋朝,
福安县,福州,福建路,宋朝,
宁德,福州,福建路,宋朝,
罗源,福州,福建路,宋朝,
永昌,福州,福建路,宋朝,
永贞,福州,福建路,宋朝,
闽清,福州,福建路,宋朝,
永福,福州,福建路,宋朝,
永泰,福州,福建路,宋朝,
长乐,福州,福建路,宋朝,
古田,福州,福建路,宋朝,
连江,福州,福建路,宋朝,
长溪,福州,福建路,宋朝,
怀安,福州,福建路,宋朝,
福清,福州,福建路,宋朝,
侯官,福州,福建路,宋朝,
闽县,福州,福建路,宋朝,
两浙西南路,宋朝,,,
夔州路,宋朝,,,
南平军节度,夔州路,宋朝,,
梁山军节度,夔州路,宋朝,,
云安军节度,夔州路,宋朝,,
重庆府,夔州路,宋朝,,
南川,重庆府,夔州路,宋朝,
忠州,夔州路,宋朝,,
龙渠,忠州,夔州路,宋朝,
南宾,忠州,夔州路,宋朝,
酆都,忠州,夔州路,宋朝,
桂溪,忠州,夔州路,宋朝,
垫江,忠州,夔州路,宋朝,
临江,忠州,夔州路,宋朝,
达州,夔州路,宋朝,,
新宁,达州,夔州路,宋朝,
东乡,达州,夔州路,宋朝,
通明,达州,夔州路,宋朝,
黔州,夔州路,宋朝,,
彭水,黔州,夔州路,宋朝,
黔江,黔州,夔州路,宋朝,
洪都,黔州,夔州路,宋朝,
洋水,黔州,夔州路,宋朝,
信宁,黔州,夔州路,宋朝,
都濡,黔州,夔州路,宋朝,
务川城,黔州,夔州路,宋朝,
洋羁縻州,黔州,夔州路,宋朝,
蛮羁縻州,黔州,夔州路,宋朝,
大万谷乐羁縻州,黔州,夔州路,宋朝,
功羁縻州,黔州,夔州路,宋朝,
普宁羁縻州,黔州,夔州路,宋朝,
蒋羁縻州,黔州,夔州路,宋朝,
陈蒙羁縻州,黔州,夔州路,宋朝,
候羁縻州,黔州,夔州路,宋朝,
犍羁縻州,黔州,夔州路,宋朝,
庄羁縻州,黔州,夔州路,宋朝,
邦羁縻州,黔州,夔州路,宋朝,
邦羁縻州,黔州,夔州路,宋朝,
南宁羁縻州,黔州,夔州路,宋朝,
和武羁縻州,黔州,夔州路,宋朝,
乡羁縻州,黔州,夔州路,宋朝,
罗嵩羁縻州,黔州,夔州路,宋朝,
牂羁縻州,黔州,夔州路,宋朝,
合江羁縻州,黔州,夔州路,宋朝,
南州羁縻州,黔州,夔州路,宋朝,
充羁縻州,黔州,夔州路,宋朝,
南平羁縻州,黔州,夔州路,宋朝,
南羁縻州,黔州,夔州路,宋朝,
夷羁縻州,黔州,夔州路,宋朝,
溱羁縻州,黔州,夔州路,宋朝,
秬羁縻州,黔州,夔州路,宋朝,
邦羁縻州,黔州,夔州路,宋朝,
罗殿,夔州路,宋朝,,
归州,夔州路,宋朝,,
兴山,归州,夔州路,宋朝,
巴东,归州,夔州路,宋朝,
巴东,归州,夔州路,宋朝,
秭归,归州,夔州路,宋朝,
兴山,归州,夔州路,宋朝,
播州,夔州路,宋朝,,
播川,播州,夔州路,宋朝,
带水,播州,夔州路,宋朝,
琅川,播州,夔州路,宋朝,
乐源,播州,夔州路,宋朝,
思州,夔州路,宋朝,,
遵义军,夔州路,宋朝,,
鹤羁縻州,夔州路,宋朝,,
恭州,夔州路,宋朝,,
程乡,恭州,夔州路,宋朝,
文贵,夔州路,宋朝,,
文贵,文贵,夔州路,宋朝,
光荣,夔州路,宋朝,,
光荣,光荣,夔州路,宋朝,
溱州,夔州路,宋朝,,
溱溪,溱州,夔州路,宋朝,
夜郎,溱州,夔州路,宋朝,
承州,夔州路,宋朝,,
都上,承州,夔州路,宋朝,
义泉,承州,夔州路,宋朝,
宁夷,承州,夔州路,宋朝,
洋川,承州,夔州路,宋朝,
绥阳,承州,夔州路,宋朝,
田氏,夔州路,宋朝,,
邛水,田氏,夔州路,宋朝,
邛水,田氏,夔州路,宋朝,
务川,田氏,夔州路,宋朝,
安夷,田氏,夔州路,宋朝,
邛水,田氏,夔州路,宋朝,
珍州,夔州路,宋朝,,
乐源,珍州,夔州路,宋朝,
绥阳,珍州,夔州路,宋朝,
大宁监,夔州路,宋朝,,
大宁监,大宁监,夔州路,宋朝,
大昌,大宁监,夔州路,宋朝,
南平军,夔州路,宋朝,,
隆化,南平军,夔州路,宋朝,
南川,南平军,夔州路,宋朝,
播川城,南平军,夔州路,宋朝,
梁山军,夔州路,宋朝,,
梁山,梁山军,夔州路,宋朝,
梁山,梁山军,夔州路,宋朝,
云安军,夔州路,宋朝,,
安义,云安军,夔州路,宋朝,
云安,云安军,夔州路,宋朝,
渝州,夔州路,宋朝,,
巴县,渝州,夔州路,宋朝,
江津,渝州,夔州路,宋朝,
壁山,渝州,夔州路,宋朝,
万寿,渝州,夔州路,宋朝,
南平,渝州,夔州路,宋朝,
南川,渝州,夔州路,宋朝,
南羁縻州,渝州,夔州路,宋朝,
溱羁縻州,渝州,夔州路,宋朝,
涪州,夔州路,宋朝,,
涪陵,涪州,夔州路,宋朝,
乐温,涪州,夔州路,宋朝,
枳县,涪州,夔州路,宋朝,
宾化,涪州,夔州路,宋朝,
温山,涪州,夔州路,宋朝,
武龙,涪州,夔州路,宋朝,
隆化,涪州,夔州路,宋朝,
开州,夔州路,宋朝,,
开江,开州,夔州路,宋朝,
万岁,开州,夔州路,宋朝,
清水,开州,夔州路,宋朝,
新浦,开州,夔州路,宋朝,
万州,夔州路,宋朝,,
南浦,万州,夔州路,宋朝,
武宁,万州,夔州路,宋朝,
梁山,万州,夔州路,宋朝,
咸淳府,夔州路,宋朝,,
施州,夔州路,宋朝,,
清江,施州,夔州路,宋朝,
建始,施州,夔州路,宋朝,
清江郡,施州,夔州路,宋朝,
通州,夔州路,宋朝,,
通川,通州,夔州路,宋朝,
巴渠,通州,夔州路,宋朝,
永睦,通州,夔州路,宋朝,
新宁,通州,夔州路,宋朝,
石鼓,通州,夔州路,宋朝,
三冈,通州,夔州路,宋朝,
宣汉,通州,夔州路,宋朝,
阆英,通州,夔州路,宋朝,
通明,通州,夔州路,宋朝,
通明,通州,夔州路,宋朝,
东乡,通州,夔州路,宋朝,
绍庆府,夔州路,宋朝,,
武泰军节度,绍庆府,夔州路,宋朝,
黔州节度,绍庆府,夔州路,宋朝,
夔州,夔州路,宋朝,,
宁江军节度,夔州,夔州路,宋朝,
云安,夔州,夔州路,宋朝,
大昌,夔州,夔州路,宋朝,
巫山,夔州,夔州路,宋朝,
奉节,夔州,夔州路,宋朝,
利州路,宋朝,,,
兴州,利州路,宋朝,,
长举,兴州,利州路,宋朝,
略阳,兴州,利州路,宋朝,
顺政,兴州,利州路,宋朝,
剑州,利州路,宋朝,,
普安,剑州,利州路,宋朝,
梓潼,剑州,利州路,宋朝,
阴平,剑州,利州路,宋朝,
武连,剑州,利州路,宋朝,
普城,剑州,利州路,宋朝,
临津,剑州,利州路,宋朝,
永归,剑州,利州路,宋朝,
剑门,剑州,利州路,宋朝,
龙州,利州路,宋朝,,
江油,龙州,利州路,宋朝,
清川,龙州,利州路,宋朝,
三泉,利州路,宋朝,,
剑门关,利州路,宋朝,,
剑门,剑门关,利州路,宋朝,
阶州,利州路,宋朝,,
福津,阶州,利州路,宋朝,
将利,阶州,利州路,宋朝,
凤州,利州路,宋朝,,
两当,凤州,利州路,宋朝,
梁泉,凤州,利州路,宋朝,
河池,凤州,利州路,宋朝,
西和州,利州路,宋朝,,
大潭,西和州,利州路,宋朝,
祐川,西和州,利州路,宋朝,
长道,西和州,利州路,宋朝,
天水军,利州路,宋朝,,
天水,天水军,利州路,宋朝,
同庆府,利州路,宋朝,,
成州,利州路,宋朝,,
栗亭,成州,利州路,宋朝,
天水,成州,利州路,宋朝,
同谷,成州,利州路,宋朝,
北天水,成州,利州路,宋朝,
南天水,成州,利州路,宋朝,
金州,利州路,宋朝,,
西城,金州,利州路,宋朝,
石泉,金州,利州路,宋朝,
汉阴,金州,利州路,宋朝,
洵阳,金州,利州路,宋朝,
平利,金州,利州路,宋朝,
上津,金州,利州路,宋朝,
昭化军节度,金州,利州路,宋朝,
淯阳,金州,利州路,宋朝,
壁州,利州路,宋朝,,
白石,壁州,利州路,宋朝,
符阳,壁州,利州路,宋朝,
通江,壁州,利州路,宋朝,
集州,利州路,宋朝,,
大牟,集州,利州路,宋朝,
通平,集州,利州路,宋朝,
嘉川,集州,利州路,宋朝,
清化,集州,利州路,宋朝,
难江,集州,利州路,宋朝,
大安军,利州路,宋朝,,
大安军,大安军,利州路,宋朝,
大安军,大安军,利州路,宋朝,
大安军,大安军,利州路,宋朝,
西县,大安军,利州路,宋朝,
三泉,大安军,利州路,宋朝,
政州,利州路,宋朝,,
蓬州,利州路,宋朝,,
蓬池,蓬州,利州路,宋朝,
仪陇,蓬州,利州路,宋朝,
朗池,蓬州,利州路,宋朝,
营山,蓬州,利州路,宋朝,
伏虞,蓬州,利州路,宋朝,
蓬山,蓬州,利州路,宋朝,
宕渠,蓬州,利州路,宋朝,
相如,蓬州,利州路,宋朝,
良山,蓬州,利州路,宋朝,
沔州,利州路,宋朝,,
文州,利州路,宋朝,,
曲水,文州,利州路,宋朝,
巴州,利州路,宋朝,,
化城,巴州,利州路,宋朝,
恩阳,巴州,利州路,宋朝,
曾口,巴州,利州路,宋朝,
盘道,巴州,利州路,宋朝,
归仁,巴州,利州路,宋朝,
始宁,巴州,利州路,宋朝,
其章,巴州,利州路,宋朝,
七盘,巴州,利州路,宋朝,
清化,巴州,利州路,宋朝,
通江,巴州,利州路,宋朝,
难江,巴州,利州路,宋朝,
隆庆府,利州路,宋朝,,
阆州,利州路,宋朝,,
阆中,阆州,利州路,宋朝,
苍溪,阆州,利州路,宋朝,
南部,阆州,利州路,宋朝,
新井,阆州,利州路,宋朝,
奉国,阆州,利州路,宋朝,
新政,阆州,利州路,宋朝,
西水,阆州,利州路,宋朝,
岐山,阆州,利州路,宋朝,
晋安,阆州,利州路,宋朝,
安德军节度,阆州,利州路,宋朝,
洋州,利州路,宋朝,,
兴道,洋州,利州路,宋朝,
西乡,洋州,利州路,宋朝,
真符,洋州,利州路,宋朝,
武康军节度,洋州,利州路,宋朝,
武定军节度,洋州,利州路,宋朝,
利州,利州路,宋朝,,
嘉川,利州,利州路,宋朝,
宁武军节度,利州,利州路,宋朝,
昭武军节度,利州,利州路,宋朝,
平蜀,利州,利州路,宋朝,
裔山,利州,利州路,宋朝,
昭化,利州,利州路,宋朝,
益昌,利州,利州路,宋朝,
葭萌,利州,利州路,宋朝,
绵谷,利州,利州路,宋朝,
兴元府,利州路,宋朝,,
三泉,兴元府,利州路,宋朝,
西县,兴元府,利州路,宋朝,
山南西道节度,兴元府,利州路,宋朝,
西县,兴元府,利州路,宋朝,
褒城,兴元府,利州路,宋朝,
城固,兴元府,利州路,宋朝,
廉水,兴元府,利州路,宋朝,
南郑,兴元府,利州路,宋朝,
潼川府路,宋朝,,,
梓州路,宋朝,,,
广安军,梓州路,宋朝,,
和溪,广安军,梓州路,宋朝,
岳池,广安军,梓州路,宋朝,
新明,广安军,梓州路,宋朝,
渠江,广安军,梓州路,宋朝,
叙州,梓州路,宋朝,,
僰道,叙州,梓州路,宋朝,
南广部,叙州,梓州路,宋朝,
宜宾,叙州,梓州路,宋朝,
庆符,叙州,梓州路,宋朝,
泸州,梓州路,宋朝,,
泸川军节度,泸州,梓州路,宋朝,
罗氏部,泸州,梓州路,宋朝,
泸川,泸州,梓州路,宋朝,
富义,泸州,梓州路,宋朝,
淯井监,泸州,梓州路,宋朝,
武都城,泸州,梓州路,宋朝,
九支城,泸州,梓州路,宋朝,
绵水,泸州,梓州路,宋朝,
纳溪,泸州,梓州路,宋朝,
乐共城,泸州,梓州路,宋朝,
泾南,泸州,梓州路,宋朝,
合江,泸州,梓州路,宋朝,
江安,泸州,梓州路,宋朝,
果州,梓州路,宋朝,,
流溪,果州,梓州路,宋朝,
岳池,果州,梓州路,宋朝,
相如,果州,梓州路,宋朝,
西充,果州,梓州路,宋朝,
南充,果州,梓州路,宋朝,
遂宁府,梓州路,宋朝,,
青石,遂宁府,梓州路,宋朝,
遂宁,遂宁府,梓州路,宋朝,
蓬溪,遂宁府,梓州路,宋朝,
潼川府,梓州路,宋朝,,
永泰,潼川府,梓州路,宋朝,
富顺监,梓州路,宋朝,,
富顺,富顺监,梓州路,宋朝,
祥州,梓州路,宋朝,,
庆符,祥州,梓州路,宋朝,
滋州,梓州路,宋朝,,
仁怀,滋州,梓州路,宋朝,
承流,滋州,梓州路,宋朝,
纯州,梓州路,宋朝,,
九支,纯州,梓州路,宋朝,
安溪,纯州,梓州路,宋朝,
长宁军,梓州路,宋朝,,
长宁军,长宁军,梓州路,宋朝,
安宁,长宁军,梓州路,宋朝,
武宁,长宁军,梓州路,宋朝,
富义监,梓州路,宋朝,,
富义监,富义监,梓州路,宋朝,
富顺,富义监,梓州路,宋朝,
富顺监,富义监,梓州路,宋朝,
富顺,富顺监,富义监,梓州路,宋朝
宁西军,梓州路,宋朝,,
怀安军,梓州路,宋朝,,
金堂,怀安军,梓州路,宋朝,
金水,怀安军,梓州路,宋朝,
渠州,梓州路,宋朝,,
邻水,渠州,梓州路,宋朝,
邻山,渠州,梓州路,宋朝,
渠江,渠州,梓州路,宋朝,
大竹,渠州,梓州路,宋朝,
流江,渠州,梓州路,宋朝,
戎州,梓州路,宋朝,,
棘道,戎州,梓州路,宋朝,
义宾,戎州,梓州路,宋朝,
宣化,戎州,梓州路,宋朝,
南溪,戎州,梓州路,宋朝,
开边,戎州,梓州路,宋朝,
归顺,戎州,梓州路,宋朝,
马湖江部,戎州,梓州路,宋朝,
石门路,戎州,梓州路,宋朝,
南广部,戎州,梓州路,宋朝,
宜宾,戎州,梓州路,宋朝,
庆符,戎州,梓州路,宋朝,
荣州,梓州路,宋朝,,
和义,荣州,梓州路,宋朝,
公井,荣州,梓州路,宋朝,
应灵,荣州,梓州路,宋朝,
资官,荣州,梓州路,宋朝,
威远,荣州,梓州路,宋朝,
荣德,荣州,梓州路,宋朝,
旭川,荣州,梓州路,宋朝,
合州,梓州路,宋朝,,
石镜,合州,梓州路,宋朝,
石照,合州,梓州路,宋朝,
汉初,合州,梓州路,宋朝,
巴川,合州,梓州路,宋朝,
铜梁,合州,梓州路,宋朝,
新明,合州,梓州路,宋朝,
赤水,合州,梓州路,宋朝,
江安州,梓州路,宋朝,,
昌州,梓州路,宋朝,,
大足,昌州,梓州路,宋朝,
昌元,昌州,梓州路,宋朝,
永川,昌州,梓州路,宋朝,
普州,梓州路,宋朝,,
安岳,普州,梓州路,宋朝,
普康,普州,梓州路,宋朝,
安居,普州,梓州路,宋朝,
崇龛,普州,梓州路,宋朝,
乐至,普州,梓州路,宋朝,
资州,梓州路,宋朝,,
资阳,资州,梓州路,宋朝,
龙水,资州,梓州路,宋朝,
内江,资州,梓州路,宋朝,
银山,资州,梓州路,宋朝,
月山,资州,梓州路,宋朝,
丹山,资州,梓州路,宋朝,
清溪,资州,梓州路,宋朝,
磐石,资州,梓州路,宋朝,
顺庆府,梓州路,宋朝,,
遂州,梓州路,宋朝,,
方义,遂州,梓州路,宋朝,
小溪,遂州,梓州路,宋朝,
长江,遂州,梓州路,宋朝,
蓬溪,遂州,梓州路,宋朝,
遂宁,遂州,梓州路,宋朝,
青石,遂州,梓州路,宋朝,
梓州,梓州路,宋朝,,
永泰,梓州,梓州路,宋朝,
剑南东川节度,梓州,梓州路,宋朝,
安泰,梓州,梓州路,宋朝,
东关,梓州,梓州路,宋朝,
铜山,梓州,梓州路,宋朝,
飞乌,梓州,梓州路,宋朝,
通泉,梓州,梓州路,宋朝,
盐亭,梓州,梓州路,宋朝,
射洪,梓州,梓州路,宋朝,
涪城,梓州,梓州路,宋朝,
中江,梓州,梓州路,宋朝,
元武,梓州,梓州路,宋朝,
郪县,梓州,梓州路,宋朝,
成都府路,宋朝,,,
成都府,成都府路,宋朝,,
广都,成都府,成都府路,宋朝,
犀浦,成都府,成都府路,宋朝,
灵泉,成都府,成都府路,宋朝,
灵池,成都府,成都府路,宋朝,
新繁,成都府,成都府路,宋朝,
新都,成都府,成都府路,宋朝,
温江,成都府,成都府路,宋朝,
双流,成都府,成都府路,宋朝,
郫县,成都府,成都府路,宋朝,
华阳,成都府,成都府路,宋朝,
成都,成都府,成都府路,宋朝,
剑南西川节度,成都,成都府,成都府路,宋朝
古羁縻州,成都府路,宋朝,,
益州路,宋朝,,,
隆州,益州路,宋朝,,
籍县,隆州,益州路,宋朝,
贵平,隆州,益州路,宋朝,
威州,益州路,宋朝,,
通化,威州,益州路,宋朝,
嘉州,益州路,宋朝,,
洪雅,嘉州,益州路,宋朝,
平羌,嘉州,益州路,宋朝,
玉津,嘉州,益州路,宋朝,
罗目,嘉州,益州路,宋朝,
绥山,嘉州,益州路,宋朝,
犍为,嘉州,益州路,宋朝,
峨眉,嘉州,益州路,宋朝,
夹江,嘉州,益州路,宋朝,
龙游,嘉州,益州路,宋朝,
蜀州,益州路,宋朝,,
晋原,蜀州,益州路,宋朝,
新津,蜀州,益州路,宋朝,
唐兴,蜀州,益州路,宋朝,
江原,蜀州,益州路,宋朝,
永康,蜀州,益州路,宋朝,
青城,蜀州,益州路,宋朝,
石泉军,益州路,宋朝,,
永康,石泉军,益州路,宋朝,
神泉,石泉军,益州路,宋朝,
龙安,石泉军,益州路,宋朝,
石泉,石泉军,益州路,宋朝,
永安军,益州路,宋朝,,
成都府,益州路,宋朝,,
广都,成都府,益州路,宋朝,
犀浦,成都府,益州路,宋朝,
灵泉,成都府,益州路,宋朝,
灵池,成都府,益州路,宋朝,
新繁,成都府,益州路,宋朝,
新都,成都府,益州路,宋朝,
温江,成都府,益州路,宋朝,
双流,成都府,益州路,宋朝,
郫县,成都府,益州路,宋朝,
华阳,成都府,益州路,宋朝,
成都,成都府,益州路,宋朝,
剑南西川节度,成都,成都府,益州路,宋朝
亨州,益州路,宋朝,,
嘉会,亨州,益州路,宋朝,
祺州,益州路,宋朝,,
春祺,祺州,益州路,宋朝,
永康军,益州路,宋朝,,
镇静军,益州路,宋朝,,
导江,镇静军,益州路,宋朝,
青城,镇静军,益州路,宋朝,
仙井监,益州路,宋朝,,
陵井监,益州路,宋朝,,
陵州,益州路,宋朝,,
仁寿,陵州,益州路,宋朝,
井研,陵州,益州路,宋朝,
始建,陵州,益州路,宋朝,
籍县,陵州,益州路,宋朝,
贵平,陵州,益州路,宋朝,
维州,益州路,宋朝,,
保宁,维州,益州路,宋朝,
金川,维州,益州路,宋朝,
通化,维州,益州路,宋朝,
简州,益州路,宋朝,,
阳安,简州,益州路,宋朝,
平泉,简州,益州路,宋朝,
金水,简州,益州路,宋朝,
茂州,益州路,宋朝,,
汶山,茂州,益州路,宋朝,
汶川,茂州,益州路,宋朝,
春祺城,茂州,益州路,宋朝,
石泉,茂州,益州路,宋朝,
雅州,益州路,宋朝,,
严道,雅州,益州路,宋朝,
芦山,雅州,益州路,宋朝,
名山,雅州,益州路,宋朝,
荣经,雅州,益州路,宋朝,
西山野山部,雅州,益州路,宋朝,
百丈,雅州,益州路,宋朝,
黎州,益州路,宋朝,,
汉源,黎州,益州路,宋朝,
通望,黎州,益州路,宋朝,
两林邛部,黎州,益州路,宋朝,
邛州,益州路,宋朝,,
临邛,邛州,益州路,宋朝,
依政,邛州,益州路,宋朝,
安仁,邛州,益州路,宋朝,
大邑,邛州,益州路,宋朝,
蒲江,邛州,益州路,宋朝,
火井,邛州,益州路,宋朝,
临溪,邛州,益州路,宋朝,
嘉定府,益州路,宋朝,,
汉州,益州路,宋朝,,
金堂,汉州,益州路,宋朝,
德阳,汉州,益州路,宋朝,
绵竹,汉州,益州路,宋朝,
什邡,汉州,益州路,宋朝,
雒县,汉州,益州路,宋朝,
绵州,益州路,宋朝,,
巴西,绵州,益州路,宋朝,
彰明,绵州,益州路,宋朝,
魏城,绵州,益州路,宋朝,
罗江,绵州,益州路,宋朝,
盐泉,绵州,益州路,宋朝,
西昌,绵州,益州路,宋朝,
神泉,绵州,益州路,宋朝,
龙安,绵州,益州路,宋朝,
石泉,绵州,益州路,宋朝,
彭州,益州路,宋朝,,
唐昌,彭州,益州路,宋朝,
永昌,彭州,益州路,宋朝,
崇宁,彭州,益州路,宋朝,
蒙阳,彭州,益州路,宋朝,
堋口,彭州,益州路,宋朝,
九陇,彭州,益州路,宋朝,
导江,彭州,益州路,宋朝,
崇庆府,益州路,宋朝,,
崇庆军节度,崇庆府,益州路,宋朝,
眉州,益州路,宋朝,,
洪雅,眉州,益州路,宋朝,
青神,眉州,益州路,宋朝,
丹棱,眉州,益州路,宋朝,
彭山,眉州,益州路,宋朝,
眉山,眉州,益州路,宋朝,
通义,眉州,益州路,宋朝,
益州,益州路,宋朝,,
益州节度,益州,益州路,宋朝,
西川路,宋朝,,,
荆湖北路,宋朝,,,
靖州,荆湖北路,宋朝,,
罗蒙,靖州,荆湖北路,宋朝,
渠阳,靖州,荆湖北路,宋朝,
会同,靖州,荆湖北路,宋朝,
三江,靖州,荆湖北路,宋朝,
常德府,荆湖北路,宋朝,,
武平军节度,常德府,荆湖北路,宋朝,
常德军节度,常德府,荆湖北路,宋朝,
归州,荆湖北路,宋朝,,
兴山,归州,荆湖北路,宋朝,
巴东,归州,荆湖北路,宋朝,
巴东,归州,荆湖北路,宋朝,
秭归,归州,荆湖北路,宋朝,
兴山,归州,荆湖北路,宋朝,
汉阳军,荆湖北路,宋朝,,
汉川,汉阳军,荆湖北路,宋朝,
汉阳,汉阳军,荆湖北路,宋朝,
复州,荆湖北路,宋朝,,
玉沙,复州,荆湖北路,宋朝,
沔阳,复州,荆湖北路,宋朝,
景陵,复州,荆湖北路,宋朝,
荆门军,荆湖北路,宋朝,,
当阳,荆门军,荆湖北路,宋朝,
长林,荆门军,荆湖北路,宋朝,
岳州,荆湖北路,宋朝,,
沅江,岳州,荆湖北路,宋朝,
巴陵,岳州,荆湖北路,宋朝,
湘阴,岳州,荆湖北路,宋朝,
临湘,岳州,荆湖北路,宋朝,
王朝,岳州,荆湖北路,宋朝,
平江,岳州,荆湖北路,宋朝,
华容,岳州,荆湖北路,宋朝,
德安府,荆湖北路,宋朝,,
安州军节度,德安府,荆湖北路,宋朝,
云梦,德安府,荆湖北路,宋朝,
应山,德安府,荆湖北路,宋朝,
彭泽,应山,德安府,荆湖北路,宋朝
应城,德安府,荆湖北路,宋朝,
安陆,德安府,荆湖北路,宋朝,
孝感,德安府,荆湖北路,宋朝,
安远军节度,德安府,荆湖北路,宋朝,
安羁縻州,德安府,荆湖北路,宋朝,
纯州,荆湖北路,宋朝,,
九支,纯州,荆湖北路,宋朝,
安溪,纯州,荆湖北路,宋朝,
龙阳军,荆湖北路,宋朝,,
龙阳,龙阳军,荆湖北路,宋朝,
寿军,荆湖北路,宋朝,,
武昌,寿军,荆湖北路,宋朝,
公安军,荆湖北路,宋朝,,
公安,公安军,荆湖北路,宋朝,
信阳军,荆湖北路,宋朝,,
信阳,信阳军,荆湖北路,宋朝,
罗山,信阳军,荆湖北路,宋朝,
荆门军,荆湖北路,宋朝,,
长林,荆门军,荆湖北路,宋朝,
当阳,荆门军,荆湖北路,宋朝,
当阳,荆门军,荆湖北路,宋朝,
诚州,荆湖北路,宋朝,,
永平,诚州,荆湖北路,宋朝,
通道,诚州,荆湖北路,宋朝,
三江,诚州,荆湖北路,宋朝,
会同,诚州,荆湖北路,宋朝,
渠阳,诚州,荆湖北路,宋朝,
罗蒙,诚州,荆湖北路,宋朝,
渠阳军,荆湖北路,宋朝,,
沅州,荆湖北路,宋朝,,
卢阳,沅州,荆湖北路,宋朝,
麻阳,沅州,荆湖北路,宋朝,
黔阳,沅州,荆湖北路,宋朝,
渠阳寨,沅州,荆湖北路,宋朝,
招谕,沅州,荆湖北路,宋朝,
渠阳,沅州,荆湖北路,宋朝,
辰州,荆湖北路,宋朝,,
招谕,辰州,荆湖北路,宋朝,
溶羁縻州,辰州,荆湖北路,宋朝,
下溪羁縻州,辰州,荆湖北路,宋朝,
保静羁縻州,辰州,荆湖北路,宋朝,
渭羁縻州,辰州,荆湖北路,宋朝,
永顺羁縻州,辰州,荆湖北路,宋朝,
富羁縻州,辰州,荆湖北路,宋朝,
保顺羁縻州,辰州,荆湖北路,宋朝,
顺羁縻州,辰州,荆湖北路,宋朝,
高江羁縻州,辰州,荆湖北路,宋朝,
麻阳,辰州,荆湖北路,宋朝,
卢溪,辰州,荆湖北路,宋朝,
辰溪,辰州,荆湖北路,宋朝,
叙浦,辰州,荆湖北路,宋朝,
沅陵,辰州,荆湖北路,宋朝,
峡州,荆湖北路,宋朝,,
宜都,峡州,荆湖北路,宋朝,
长阳,峡州,荆湖北路,宋朝,
远安,峡州,荆湖北路,宋朝,
巴山,峡州,荆湖北路,宋朝,
夷陵,峡州,荆湖北路,宋朝,
澧州,荆湖北路,宋朝,,
慈利,澧州,荆湖北路,宋朝,
石门,澧州,荆湖北路,宋朝,
安乡,澧州,荆湖北路,宋朝,
澧阳,澧州,荆湖北路,宋朝,
鼎州,荆湖北路,宋朝,,
朗州,荆湖北路,宋朝,,
桃源,朗州,荆湖北路,宋朝,
辰阳,朗州,荆湖北路,宋朝,
桥江,朗州,荆湖北路,宋朝,
湘阴,朗州,荆湖北路,宋朝,
武陵,朗州,荆湖北路,宋朝,
沅江,朗州,荆湖北路,宋朝,
益阳,朗州,荆湖北路,宋朝,
龙阳,朗州,荆湖北路,宋朝,
安州,荆湖北路,宋朝,,
汉川,安州,荆湖北路,宋朝,
吉阳,安州,荆湖北路,宋朝,
孝感,安州,荆湖北路,宋朝,
安陆,安州,荆湖北路,宋朝,
应城,安州,荆湖北路,宋朝,
应山,安州,荆湖北路,宋朝,
彭泽,应山,安州,荆湖北路,宋朝
景陵,安州,荆湖北路,宋朝,
云梦,安州,荆湖北路,宋朝,
鄂州,荆湖北路,宋朝,,
武昌军节度,鄂州,荆湖北路,宋朝,
武清军节度,鄂州,荆湖北路,宋朝,
武清军节度,鄂州,荆湖北路,宋朝,
通山,鄂州,荆湖北路,宋朝,
通城,鄂州,荆湖北路,宋朝,
汉阳,鄂州,荆湖北路,宋朝,
汉川,鄂州,荆湖北路,宋朝,
武昌,鄂州,荆湖北路,宋朝,
崇阳,鄂州,荆湖北路,宋朝,
咸宁,鄂州,荆湖北路,宋朝,
武昌军节度,鄂州,荆湖北路,宋朝,
大冶,鄂州,荆湖北路,宋朝,
永兴,鄂州,荆湖北路,宋朝,
嘉鱼,鄂州,荆湖北路,宋朝,
永安,鄂州,荆湖北路,宋朝,
蒲圻,鄂州,荆湖北路,宋朝,
临江,鄂州,荆湖北路,宋朝,
江夏,鄂州,荆湖北路,宋朝,
江陵府,荆湖北路,宋朝,,
长林,江陵府,荆湖北路,宋朝,
石首,江陵府,荆湖北路,宋朝,
监利,江陵府,荆湖北路,宋朝,
当阳,江陵府,荆湖北路,宋朝,
玉沙,江陵府,荆湖北路,宋朝,
江陵,江陵府,荆湖北路,宋朝,
枝江,江陵府,荆湖北路,宋朝,
松滋,江陵府,荆湖北路,宋朝,
公安,江陵府,荆湖北路,宋朝,
江陵节度,江陵府,荆湖北路,宋朝,
荆南节度,江陵府,荆湖北路,宋朝,
长林,江陵府,荆湖北路,宋朝,
建宁,江陵府,荆湖北路,宋朝,
石首,江陵府,荆湖北路,宋朝,
石首,江陵府,荆湖北路,宋朝,
潜江,江陵府,荆湖北路,宋朝,
荆湖南路,宋朝,,,
桂阳军,荆湖南路,宋朝,,
蓝山,桂阳军,荆湖南路,宋朝,
平阳,桂阳军,荆湖南路,宋朝,
邵州,荆湖南路,宋朝,,
邵阳,邵州,荆湖南路,宋朝,
新化,邵州,荆湖南路,宋朝,
莳竹,邵州,荆湖南路,宋朝,
武冈,邵州,荆湖南路,宋朝,
武冈军,荆湖南路,宋朝,,
临冈,武冈军,荆湖南路,宋朝,
新宁,武冈军,荆湖南路,宋朝,
武冈,武冈军,荆湖南路,宋朝,
绥宁,武冈军,荆湖南路,宋朝,
茶陵军,荆湖南路,宋朝,,
酃县,茶陵军,荆湖南路,宋朝,
茶陵,茶陵军,荆湖南路,宋朝,
桂阳监,荆湖南路,宋朝,,
桂阳监,桂阳监,荆湖南路,宋朝,
临武,桂阳监,荆湖南路,宋朝,
平阳,桂阳监,荆湖南路,宋朝,
蓝山,桂阳监,荆湖南路,宋朝,
全州,荆湖南路,宋朝,,
灌阳,全州,荆湖南路,宋朝,
清湘,全州,荆湖南路,宋朝,
宝庆府,荆湖南路,宋朝,,
郴州,荆湖南路,宋朝,,
郴县,郴州,荆湖南路,宋朝,
蓝山,郴州,荆湖南路,宋朝,
桂阳,郴州,荆湖南路,宋朝,
桂东,郴州,荆湖南路,宋朝,
永兴,郴州,荆湖南路,宋朝,
高亭,郴州,荆湖南路,宋朝,
宜章,郴州,荆湖南路,宋朝,
义章,郴州,荆湖南路,宋朝,
郴义,郴州,荆湖南路,宋朝,
兴宁,郴州,荆湖南路,宋朝,
彬县,郴州,荆湖南路,宋朝,
永州,荆湖南路,宋朝,,
零陵郡,永州,荆湖南路,宋朝,
零陵,永州,荆湖南路,宋朝,
东安,永州,荆湖南路,宋朝,
祁阳,永州,荆湖南路,宋朝,
道州,荆湖南路,宋朝,,
营道,道州,荆湖南路,宋朝,
永明,道州,荆湖南路,宋朝,
大历,道州,荆湖南路,宋朝,
宁远,道州,荆湖南路,宋朝,
延唐,道州,荆湖南路,宋朝,
江华,道州,荆湖南路,宋朝,
永明,道州,荆湖南路,宋朝,
弘道,道州,荆湖南路,宋朝,
衡州,荆湖南路,宋朝,,
衡阳,衡州,荆湖南路,宋朝,
衡山,衡州,荆湖南路,宋朝,
茶陵,衡州,荆湖南路,宋朝,
安仁,衡州,荆湖南路,宋朝,
常宁,衡州,荆湖南路,宋朝,
耒阳,衡州,荆湖南路,宋朝,
潭州,荆湖南路,宋朝,,
长沙,潭州,荆湖南路,宋朝,
衡山,潭州,荆湖南路,宋朝,
益阳,潭州,荆湖南路,宋朝,
湘阴,潭州,荆湖南路,宋朝,
武安军节度,潭州,荆湖南路,宋朝,
湘阴,潭州,荆湖南路,宋朝,
宁乡,潭州,荆湖南路,宋朝,
浏阳,潭州,荆湖南路,宋朝,
湘乡,潭州,荆湖南路,宋朝,
攸县,潭州,荆湖南路,宋朝,
醴陵,潭州,荆湖南路,宋朝,
安化,潭州,荆湖南路,宋朝,
善化,潭州,荆湖南路,宋朝,
湘潭,潭州,荆湖南路,宋朝,
荆湖路,宋朝,,,
江南西路,宋朝,,,
江州,江南西路,宋朝,,
都昌,江州,江南西路,宋朝,
瑞昌,江州,江南西路,宋朝,
湖口,江州,江南西路,宋朝,
东流,江州,江南西路,宋朝,
星子,江州,江南西路,宋朝,
德安,江州,江南西路,宋朝,
德化,江州,江南西路,宋朝,
定江军节度,江州,江南西路,宋朝,
彭泽,江州,江南西路,宋朝,
南安军节度,江南西路,宋朝,,
建昌军,江南西路,宋朝,,
南丰,建昌军,江南西路,宋朝,
南城,建昌军,江南西路,宋朝,
兴国军,江南西路,宋朝,,
通山,兴国军,江南西路,宋朝,
筠州,江南西路,宋朝,,
高安,筠州,江南西路,宋朝,
万载,筠州,江南西路,宋朝,
清江,筠州,江南西路,宋朝,
上高,筠州,江南西路,宋朝,
新昌,筠州,江南西路,宋朝,
虔州,江南西路,宋朝,,
龙南,虔州,江南西路,宋朝,
雩都,虔州,江南西路,宋朝,
赣县,虔州,江南西路,宋朝,
大庾,虔州,江南西路,宋朝,
南康,虔州,江南西路,宋朝,
上犹,虔州,江南西路,宋朝,
虔南,虔州,江南西路,宋朝,
安远,虔州,江南西路,宋朝,
石城,虔州,江南西路,宋朝,
瑞金,虔州,江南西路,宋朝,
会昌,虔州,江南西路,宋朝,
信丰,虔州,江南西路,宋朝,
兴国,虔州,江南西路,宋朝,
宁都,虔州,江南西路,宋朝,
虔化,虔州,江南西路,宋朝,
洪州,江南西路,宋朝,,
建昌,洪州,江南西路,宋朝,
南昌,洪州,江南西路,宋朝,
靖安,洪州,江南西路,宋朝,
武宁,洪州,江南西路,宋朝,
分宁,洪州,江南西路,宋朝,
丰城,洪州,江南西路,宋朝,
奉新,洪州,江南西路,宋朝,
新建,洪州,江南西路,宋朝,
进贤,洪州,江南西路,宋朝,
建武军,江南西路,宋朝,,
新城,建武军,江南西路,宋朝,
广昌,建武军,江南西路,宋朝,
南城,建武军,江南西路,宋朝,
南丰,建武军,江南西路,宋朝,
临江军,江南西路,宋朝,,
清江,临江军,江南西路,宋朝,
新淦,临江军,江南西路,宋朝,
新喻,临江军,江南西路,宋朝,
南安军,江南西路,宋朝,,
大庾,南安军,江南西路,宋朝,
南康,南安军,江南西路,宋朝,
上犹,南安军,江南西路,宋朝,
南安,南安军,江南西路,宋朝,
永兴军,江南西路,宋朝,,
永兴,永兴军,江南西路,宋朝,
大冶,永兴军,江南西路,宋朝,
通山,永兴军,江南西路,宋朝,
瑞州,江南西路,宋朝,,
抚州,江南西路,宋朝,,
临川,抚州,江南西路,宋朝,
崇仁,抚州,江南西路,宋朝,
南丰,抚州,江南西路,宋朝,
南城,抚州,江南西路,宋朝,
金谿,抚州,江南西路,宋朝,
宜黄,抚州,江南西路,宋朝,
乐安,抚州,江南西路,宋朝,
袁州,江南西路,宋朝,,
万载,袁州,江南西路,宋朝,
新喻,袁州,江南西路,宋朝,
宜春,袁州,江南西路,宋朝,
建城,袁州,江南西路,宋朝,
萍乡,袁州,江南西路,宋朝,
分宜,袁州,江南西路,宋朝,
吉州,江南西路,宋朝,,
龙泉,吉州,江南西路,宋朝,
永丰,吉州,江南西路,宋朝,
新淦,吉州,江南西路,宋朝,
庐陵,吉州,江南西路,宋朝,
吉水,吉州,江南西路,宋朝,
万安,吉州,江南西路,宋朝,
永新,吉州,江南西路,宋朝,
泉江,吉州,江南西路,宋朝,
太和,吉州,江南西路,宋朝,
安福,吉州,江南西路,宋朝,
赣州,江南西路,宋朝,,
昭信军节度,赣州,江南西路,宋朝,
隆兴府,江南西路,宋朝,,
镇南军节度,隆兴府,江南西路,宋朝,
江南东路,宋朝,,,
江州,江南东路,宋朝,,
都昌,江州,江南东路,宋朝,
瑞昌,江州,江南东路,宋朝,
湖口,江州,江南东路,宋朝,
东流,江州,江南东路,宋朝,
星子,江州,江南东路,宋朝,
德安,江州,江南东路,宋朝,
德化,江州,江南东路,宋朝,
定江军节度,江州,江南东路,宋朝,
彭泽,江州,江南东路,宋朝,
徽州,江南东路,宋朝,,
宣州,江南东路,宋朝,,
芜湖,宣州,江南东路,宋朝,
繁昌,宣州,江南东路,宋朝,
广德,宣州,江南东路,宋朝,
太平,宣州,江南东路,宋朝,
旌德,宣州,江南东路,宋朝,
宁国,宣州,江南东路,宋朝,
泾县,宣州,江南东路,宋朝,
南陵,宣州,江南东路,宋朝,
宣城,宣州,江南东路,宋朝,
宣城节度,宣城,宣州,江南东路,宋朝
江宁府,江南东路,宋朝,,
铜陵,江宁府,江南东路,宋朝,
青阳,江宁府,江南东路,宋朝,
芜湖,江宁府,江南东路,宋朝,
繁昌,江宁府,江南东路,宋朝,
广德,江宁府,江南东路,宋朝,
溧阳,江宁府,江南东路,宋朝,
溧水,江宁府,江南东路,宋朝,
句容,江宁府,江南东路,宋朝,
江宁,江宁府,江南东路,宋朝,
上元,江宁府,江南东路,宋朝,
广德军,江南东路,宋朝,,
广德,广德军,江南东路,宋朝,
建平,广德军,江南东路,宋朝,
南康军,江南东路,宋朝,,
都昌,南康军,江南东路,宋朝,
星子,南康军,江南东路,宋朝,
建昌,南康军,江南东路,宋朝,
太平州,江南东路,宋朝,,
平江军,江南东路,宋朝,,
雄远军,江南东路,宋朝,,
当涂,雄远军,江南东路,宋朝,
繁昌,雄远军,江南东路,宋朝,
芜湖,雄远军,江南东路,宋朝,
信州,江南东路,宋朝,,
宝丰,信州,江南东路,宋朝,
上饶,信州,江南东路,宋朝,
宝丰,信州,江南东路,宋朝,
永丰,信州,江南东路,宋朝,
铅山,信州,江南东路,宋朝,
贵溪,信州,江南东路,宋朝,
弋阳,信州,江南东路,宋朝,
玉山,信州,江南东路,宋朝,
饶州,江南东路,宋朝,,
余干,饶州,江南东路,宋朝,
永平监,饶州,江南东路,宋朝,
安仁,饶州,江南东路,宋朝,
德兴,饶州,江南东路,宋朝,
乐平,饶州,江南东路,宋朝,
浮梁,饶州,江南东路,宋朝,
鄱阳,饶州,江南东路,宋朝,
池州,江南东路,宋朝,,
铜陵,池州,江南东路,宋朝,
青阳,池州,江南东路,宋朝,
东流,池州,江南东路,宋朝,
石埭,池州,江南东路,宋朝,
建德,池州,江南东路,宋朝,
贵池,池州,江南东路,宋朝,
歙州,江南东路,宋朝,,
黟县,歙州,江南东路,宋朝,
绩溪,歙州,江南东路,宋朝,
婺源,歙州,江南东路,宋朝,
祁门,歙州,江南东路,宋朝,
休宁,歙州,江南东路,宋朝,
歙县,歙州,江南东路,宋朝,
宁国府,江南东路,宋朝,,
宁国军节度,宁国府,江南东路,宋朝,
建康府,江南东路,宋朝,,
建康军节度,建康府,江南东路,宋朝,
升州,江南东路,宋朝,,
江南路,宋朝,,,
两浙东路,宋朝,,,
温州,两浙东路,宋朝,,
乐清,温州,两浙东路,宋朝,
瑞安,温州,两浙东路,宋朝,
平阳,温州,两浙东路,宋朝,
永嘉,温州,两浙东路,宋朝,
明州,两浙东路,宋朝,,
鄞县,明州,两浙东路,宋朝,
定海,明州,两浙东路,宋朝,
昌国,明州,两浙东路,宋朝,
象山,明州,两浙东路,宋朝,
慈溪,明州,两浙东路,宋朝,
奉化,明州,两浙东路,宋朝,
绍兴府,两浙东路,宋朝,,
越州军节度,绍兴府,两浙东路,宋朝,
镇东军节度,绍兴府,两浙东路,宋朝,
处州,两浙东路,宋朝,,
龙泉,处州,两浙东路,宋朝,
庆元,处州,两浙东路,宋朝,
青田,处州,两浙东路,宋朝,
缙云,处州,两浙东路,宋朝,
遂昌,处州,两浙东路,宋朝,
松阳,处州,两浙东路,宋朝,
白龙,处州,两浙东路,宋朝,
剑川,处州,两浙东路,宋朝,
龙泉,处州,两浙东路,宋朝,
丽水,处州,两浙东路,宋朝,
衢州,两浙东路,宋朝,,
盈川,衢州,两浙东路,宋朝,
常山,衢州,两浙东路,宋朝,
开化,衢州,两浙东路,宋朝,
信安,衢州,两浙东路,宋朝,
龙游,衢州,两浙东路,宋朝,
礼贤,衢州,两浙东路,宋朝,
江山,衢州,两浙东路,宋朝,
西安,衢州,两浙东路,宋朝,
台州,两浙东路,宋朝,,
仙居,台州,两浙东路,宋朝,
永安,台州,两浙东路,宋朝,
天台,台州,两浙东路,宋朝,
宁海,台州,两浙东路,宋朝,
黄岩,台州,两浙东路,宋朝,
临海,台州,两浙东路,宋朝,
婺州,两浙东路,宋朝,,
武胜军节度,婺州,两浙东路,宋朝,
武信军节度,婺州,两浙东路,宋朝,
保宁军节度,婺州,两浙东路,宋朝,
浦江,婺州,两浙东路,宋朝,
武义,婺州,两浙东路,宋朝,
永康,婺州,两浙东路,宋朝,
兰溪,婺州,两浙东路,宋朝,
义乌,婺州,两浙东路,宋朝,
东阳,婺州,两浙东路,宋朝,
金华,婺州,两浙东路,宋朝,
瑞安府,两浙东路,宋朝,,
静海军节度,瑞安府,两浙东路,宋朝,
庆元府,两浙东路,宋朝,,
鄞县,庆元府,两浙东路,宋朝,
定海,庆元府,两浙东路,宋朝,
奉国军节度,庆元府,两浙东路,宋朝,
昌国,庆元府,两浙东路,宋朝,
象山,庆元府,两浙东路,宋朝,
慈溪,庆元府,两浙东路,宋朝,
奉化,庆元府,两浙东路,宋朝,
越州,两浙东路,宋朝,,
义安,越州,两浙东路,宋朝,
新昌,越州,两浙东路,宋朝,
萧山,越州,两浙东路,宋朝,
上虞,越州,两浙东路,宋朝,
余姚,越州,两浙东路,宋朝,
诸暨,越州,两浙东路,宋朝,
嵊县,越州,两浙东路,宋朝,
剡县,越州,两浙东路,宋朝,
会稽,越州,两浙东路,宋朝,
山阴,越州,两浙东路,宋朝,
两浙西路,宋朝,,,
严州,两浙西路,宋朝,,
桐庐,严州,两浙西路,宋朝,
湖州,两浙西路,宋朝,,
武康,湖州,两浙西路,宋朝,
昭庆军节度,湖州,两浙西路,宋朝,
德清,湖州,两浙西路,宋朝,
长兴,湖州,两浙西路,宋朝,
安吉,湖州,两浙西路,宋朝,
归安,湖州,两浙西路,宋朝,
乌程,湖州,两浙西路,宋朝,
秀州,两浙西路,宋朝,,
崇德,秀州,两浙西路,宋朝,
海盐,秀州,两浙西路,宋朝,
华亭,秀州,两浙西路,宋朝,
嘉兴,秀州,两浙西路,宋朝,
镇江府,两浙西路,宋朝,,
丹徒,镇江府,两浙西路,宋朝,
平江府,两浙西路,宋朝,,
昆山,平江府,两浙西路,宋朝,
平江军节度,平江府,两浙西路,宋朝,
杭州,两浙西路,宋朝,,
临安,杭州,两浙西路,宋朝,
武康,杭州,两浙西路,宋朝,
桐庐,杭州,两浙西路,宋朝,
南新,杭州,两浙西路,宋朝,
昭德,杭州,两浙西路,宋朝,
昌化,杭州,两浙西路,宋朝,
横山,杭州,两浙西路,宋朝,
盐官,杭州,两浙西路,宋朝,
新城,杭州,两浙西路,宋朝,
新登,杭州,两浙西路,宋朝,
于潜,杭州,两浙西路,宋朝,
富阳,杭州,两浙西路,宋朝,
余杭,杭州,两浙西路,宋朝,
仁和,杭州,两浙西路,宋朝,
钱江,杭州,两浙西路,宋朝,
钱塘,杭州,两浙西路,宋朝,
江阴军,两浙西路,宋朝,,
江阴,江阴军,两浙西路,宋朝,
顺化军,两浙西路,宋朝,,
衣锦军,两浙西路,宋朝,,
安国,衣锦军,两浙西路,宋朝,
临安,衣锦军,两浙西路,宋朝,
建德府,两浙西路,宋朝,,
睦州,两浙西路,宋朝,,
桐庐,睦州,两浙西路,宋朝,
寿昌,睦州,两浙西路,宋朝,
遂安,睦州,两浙西路,宋朝,
分水,睦州,两浙西路,宋朝,
淳安,睦州,两浙西路,宋朝,
淳化,睦州,两浙西路,宋朝,
清溪,睦州,两浙西路,宋朝,
建德,睦州,两浙西路,宋朝,
常州,两浙西路,宋朝,,
江阴,常州,两浙西路,宋朝,
宜兴,常州,两浙西路,宋朝,
义兴,常州,两浙西路,宋朝,
无锡,常州,两浙西路,宋朝,
武进,常州,两浙西路,宋朝,
晋陵,常州,两浙西路,宋朝,
安吉州,两浙西路,宋朝,,
嘉兴府,两浙西路,宋朝,,
润州,两浙西路,宋朝,,
丹徒,润州,两浙西路,宋朝,
镇江军节度,润州,两浙西路,宋朝,
静江军节度,润州,两浙西路,宋朝,
金坛,润州,两浙西路,宋朝,
延陵,润州,两浙西路,宋朝,
丹阳,润州,两浙西路,宋朝,
江口镇,润州,两浙西路,宋朝,
镇江府城厢,润州,两浙西路,宋朝,
苏州,两浙西路,宋朝,,
吴江,苏州,两浙西路,宋朝,
常熟,苏州,两浙西路,宋朝,
长洲,苏州,两浙西路,宋朝,
吴县,苏州,两浙西路,宋朝,
昆山,苏州,两浙西路,宋朝,
常熟,苏州,两浙西路,宋朝,
嘉定,苏州,两浙西路,宋朝,
吴县,苏州,两浙西路,宋朝,
临安府,两浙西路,宋朝,,
宁海军节度,临安府,两浙西路,宋朝,
镇海军节度,临安府,两浙西路,宋朝,
两浙路,宋朝,,,
淮南西路,宋朝,,,
六安军,淮南西路,宋朝,,
六安,六安军,淮南西路,宋朝,
光州,淮南西路,宋朝,,
光山,光州,淮南西路,宋朝,
仙居,光州,淮南西路,宋朝,
其思,光州,淮南西路,宋朝,
固始,光州,淮南西路,宋朝,
定城,光州,淮南西路,宋朝,
蕲州,淮南西路,宋朝,,
蕲水,蕲州,淮南西路,宋朝,
蕲春,蕲州,淮南西路,宋朝,
罗田,蕲州,淮南西路,宋朝,
广济,蕲州,淮南西路,宋朝,
黄梅,蕲州,淮南西路,宋朝,
安丰军,淮南西路,宋朝,,
安丰,安丰军,淮南西路,宋朝,
寿春府,淮南西路,宋朝,,
忠正军节度,寿春府,淮南西路,宋朝,
怀远军,淮南西路,宋朝,,
荆山,怀远军,淮南西路,宋朝,
镇巢军,淮南西路,宋朝,,
镇巢军,镇巢军,淮南西路,宋朝,
无为军,淮南西路,宋朝,,
庐江,无为军,淮南西路,宋朝,
巢县,无为军,淮南西路,宋朝,
无为,无为军,淮南西路,宋朝,
黄州,淮南西路,宋朝,,
麻城,黄州,淮南西路,宋朝,
黄陂,黄州,淮南西路,宋朝,
黄冈,黄州,淮南西路,宋朝,
蒋州,淮南西路,宋朝,,
濠州,淮南西路,宋朝,,
盱眙,濠州,淮南西路,宋朝,
昭义,濠州,淮南西路,宋朝,
招信,濠州,淮南西路,宋朝,
定远,濠州,淮南西路,宋朝,
钟离,濠州,淮南西路,宋朝,
安庆府,淮南西路,宋朝,,
安庆军节度,安庆府,淮南西路,宋朝,
舒州,淮南西路,宋朝,,
德庆军节度,舒州,淮南西路,宋朝,
太湖,舒州,淮南西路,宋朝,
望江,舒州,淮南西路,宋朝,
宿松,舒州,淮南西路,宋朝,
桐城,舒州,淮南西路,宋朝,
怀宁,舒州,淮南西路,宋朝,
和州,淮南西路,宋朝,,
乌江,和州,淮南西路,宋朝,
含山,和州,淮南西路,宋朝,
历阳,和州,淮南西路,宋朝,
寿春府,淮南西路,宋朝,,
安丰军,淮南西路,宋朝,,
安丰,安丰军,淮南西路,宋朝,
寿州,淮南西路,宋朝,,
六安,寿州,淮南西路,宋朝,
下蔡,寿州,淮南西路,宋朝,
霍山,寿州,淮南西路,宋朝,
盛唐,寿州,淮南西路,宋朝,
寿春,寿州,淮南西路,宋朝,
霍丘,寿州,淮南西路,宋朝,
安丰,寿州,淮南西路,宋朝,
庐州,淮南西路,宋朝,,
庐江,庐州,淮南西路,宋朝,
巢县,庐州,淮南西路,宋朝,
保信军节度,庐州,淮南西路,宋朝,
舒城,庐州,淮南西路,宋朝,
粱县,庐州,淮南西路,宋朝,
慎县,庐州,淮南西路,宋朝,
合肥,庐州,淮南西路,宋朝,
淮南东路,宋朝,,,
淮安州,淮南东路,宋朝,,
通州,淮南东路,宋朝,,
海门,通州,淮南东路,宋朝,
静海,通州,淮南东路,宋朝,
真州,淮南东路,宋朝,,
仪真郡,真州,淮南东路,宋朝,
永正,真州,淮南东路,宋朝,
六合,真州,淮南东路,宋朝,
天长军,淮南东路,宋朝,,
天长,天长军,淮南东路,宋朝,
招信,天长军,淮南东路,宋朝,
盱眙,天长军,淮南东路,宋朝,
涟水军,淮南东路,宋朝,,
涟水,涟水军,淮南东路,宋朝,
盐城,涟水军,淮南东路,宋朝,
高邮军,淮南东路,宋朝,,
高邮,高邮军,淮南东路,宋朝,
兴化,高邮军,淮南东路,宋朝,
兴化,高邮军,淮南东路,宋朝,
海州,淮南东路,宋朝,,
沭阳,海州,淮南东路,宋朝,
东海,海州,淮南东路,宋朝,
朐山,海州,淮南东路,宋朝,
怀仁,海州,淮南东路,宋朝,
海州海岸海水,海州,淮南东路,宋朝,
清河军,淮南东路,宋朝,,
清河,清河军,淮南东路,宋朝,
淮安军,淮南东路,宋朝,,
五河,淮安军,淮南东路,宋朝,
淮安军,淮南东路,宋朝,,
淮安,淮安军,淮南东路,宋朝,
招信军,淮南东路,宋朝,,
天长,招信军,淮南东路,宋朝,
招信,招信军,淮南东路,宋朝,
盱贻军,淮南东路,宋朝,,
盱眙,盱贻军,淮南东路,宋朝,
招信,盱贻军,淮南东路,宋朝,
天长,盱贻军,淮南东路,宋朝,
宝应州,淮南东路,宋朝,,
宝应,宝应州,淮南东路,宋朝,
涟水,宝应州,淮南东路,宋朝,
安东州,淮南东路,宋朝,,
承州,淮南东路,宋朝,,
崇州,淮南东路,宋朝,,
建安军,淮南东路,宋朝,,
永正,建安军,淮南东路,宋朝,
六合,建安军,淮南东路,宋朝,
扬子,建安军,淮南东路,宋朝,
建安军,建安军,淮南东路,宋朝,
滁州,淮南东路,宋朝,,
清流,滁州,淮南东路,宋朝,
来安,滁州,淮南东路,宋朝,
全椒,滁州,淮南东路,宋朝,
泗州,淮南东路,宋朝,,
虹县,泗州,淮南东路,宋朝,
盱眙,泗州,淮南东路,宋朝,
涟水,泗州,淮南东路,宋朝,
昭义,泗州,淮南东路,宋朝,
招信,泗州,淮南东路,宋朝,
下邳,泗州,淮南东路,宋朝,
徐城,泗州,淮南东路,宋朝,
宿迁,泗州,淮南东路,宋朝,
淮平,泗州,淮南东路,宋朝,
临淮,泗州,淮南东路,宋朝,
泰州,淮南东路,宋朝,,
盐城,泰州,淮南东路,宋朝,
兴化,泰州,淮南东路,宋朝,
海陵,泰州,淮南东路,宋朝,
泰兴,泰州,淮南东路,宋朝,
兴化,泰州,淮南东路,宋朝,
泰州海岸海水,泰州,淮南东路,宋朝,
如皋,泰州,淮南东路,宋朝,
泰兴,泰州,淮南东路,宋朝,
西海州,淮南东路,宋朝,,
楚州,淮南东路,宋朝,,
盐城,楚州,淮南东路,宋朝,
盱眙,楚州,淮南东路,宋朝,
涟水,楚州,淮南东路,宋朝,
宝应,楚州,淮南东路,宋朝,
楚州海岸海水,楚州,淮南东路,宋朝,
淮阴,楚州,淮南东路,宋朝,
山阳,楚州,淮南东路,宋朝,
宿州,淮南东路,宋朝,,
保靖军节度,宿州,淮南东路,宋朝,
虹县,宿州,淮南东路,宋朝,
临涣,宿州,淮南东路,宋朝,
保静军节度,宿州,淮南东路,宋朝,
灵璧,宿州,淮南东路,宋朝,
零壁,宿州,淮南东路,宋朝,
蕲县,宿州,淮南东路,宋朝,
符离,宿州,淮南东路,宋朝,
亳州,淮南东路,宋朝,,
集庆军节度,亳州,淮南东路,宋朝,
卫县,亳州,淮南东路,宋朝,
临涣,亳州,淮南东路,宋朝,
鹿邑,亳州,淮南东路,宋朝,
真源,亳州,淮南东路,宋朝,
永城,亳州,淮南东路,宋朝,
酂县,亳州,淮南东路,宋朝,
蒙城,亳州,淮南东路,宋朝,
城父,亳州,淮南东路,宋朝,
谯县,亳州,淮南东路,宋朝,
扬州,淮南东路,宋朝,,
高邮,扬州,淮南东路,宋朝,
泰兴,扬州,淮南东路,宋朝,
永正,扬州,淮南东路,宋朝,
天长,扬州,淮南东路,宋朝,
六合,扬州,淮南东路,宋朝,
淮南军节度,扬州,淮南东路,宋朝,
泰兴,扬州,淮南东路,宋朝,
泰兴,扬州,淮南东路,宋朝,
广陵,扬州,淮南东路,宋朝,
江都,扬州,淮南东路,宋朝,
淮南路,宋朝,,,
云中路,宋朝,,,
云中府,云中路,宋朝,,
大同,云中府,云中路,宋朝,
云中,云中府,云中路,宋朝,
天成,云中府,云中路,宋朝,
长青,云中府,云中路,宋朝,
奉义,云中府,云中路,宋朝,
怀仁,云中府,云中路,宋朝,
怀安,云中府,云中路,宋朝,
大同军节度,云中府,云中路,宋朝,
武州,云中路,宋朝,,
武州,武州,云中路,宋朝,
神武,武州,云中路,宋朝,
应州,云中路,宋朝,,
金城,应州,云中路,宋朝,
浑源,应州,云中路,宋朝,
河阴,应州,云中路,宋朝,
朔州,云中路,宋朝,,
鄯阳,朔州,云中路,宋朝,
宁远,朔州,云中路,宋朝,
马邑,朔州,云中路,宋朝,
振武军节度,朔州,云中路,宋朝,
蔚州,云中路,宋朝,,
灵仙,蔚州,云中路,宋朝,
飞狐,蔚州,云中路,宋朝,
灵丘,蔚州,云中路,宋朝,
广陵,蔚州,云中路,宋朝,
定安,蔚州,云中路,宋朝,
奉圣州,云中路,宋朝,,
永兴,奉圣州,云中路,宋朝,
矾山,奉圣州,云中路,宋朝,
龙门,奉圣州,云中路,宋朝,
望云,奉圣州,云中路,宋朝,
武定军节度,奉圣州,云中路,宋朝,
归化州,云中路,宋朝,,
归化州,归化州,云中路,宋朝,
文德,归化州,云中路,宋朝,
儒州,云中路,宋朝,,
儒州,儒州,云中路,宋朝,
缙山,儒州,云中路,宋朝,
妫州,云中路,宋朝,,
怀来,妫州,云中路,宋朝,
河东路,宋朝,,,
大通监,河东路,宋朝,,
交城,大通监,河东路,宋朝,
绵上,大通监,河东路,宋朝,
保德军,河东路,宋朝,,
晋州,河东路,宋朝,,
临汾,晋州,河东路,宋朝,
洪洞,晋州,河东路,宋朝,
襄陵,晋州,河东路,宋朝,
神山,晋州,河东路,宋朝,
汾西,晋州,河东路,宋朝,
霍邑,晋州,河东路,宋朝,
冀氏,晋州,河东路,宋朝,
岳阳,晋州,河东路,宋朝,
和川,晋州,河东路,宋朝,
襄陵,晋州,河东路,宋朝,
赵城,晋州,河东路,宋朝,
潞州,河东路,宋朝,,
上党,潞州,河东路,宋朝,
屯留,潞州,河东路,宋朝,
襄垣,潞州,河东路,宋朝,
黎城,潞州,河东路,宋朝,
壶关,潞州,河东路,宋朝,
长子,潞州,河东路,宋朝,
铜鞮,潞州,河东路,宋朝,
武乡,潞州,河东路,宋朝,
涉县,潞州,河东路,宋朝,
潞城,潞州,河东路,宋朝,
黎城,潞州,河东路,宋朝,
太原府,河东路,宋朝,,
河东节度,太原府,河东路,宋朝,
交城,太原府,河东路,宋朝,
平晋,太原府,河东路,宋朝,
慈州,河东路,宋朝,,
乡宁,慈州,河东路,宋朝,
文城,慈州,河东路,宋朝,
吉乡,慈州,河东路,宋朝,
辽州,河东路,宋朝,,
和顺,辽州,河东路,宋朝,
平城,辽州,河东路,宋朝,
榆社,辽州,河东路,宋朝,
辽山,辽州,河东路,宋朝,
宪州,河东路,宋朝,,
天池,宪州,河东路,宋朝,
元池,宪州,河东路,宋朝,
楼烦,宪州,河东路,宋朝,
静乐,宪州,河东路,宋朝,
晋宁军,河东路,宋朝,,
定胡,晋宁军,河东路,宋朝,
临泉,晋宁军,河东路,宋朝,
静乐军,河东路,宋朝,,
静乐军,静乐军,河东路,宋朝,
庆祚军,河东路,宋朝,,
庆祚军,庆祚军,河东路,宋朝,
交城监,河东路,宋朝,,
沁州,河东路,宋朝,,
和川,沁州,河东路,宋朝,
沁源,沁州,河东路,宋朝,
绵上,沁州,河东路,宋朝,
平晋军,河东路,宋朝,,
平晋军,平晋军,河东路,宋朝,
定羌军,河东路,宋朝,,
定羌军,定羌军,河东路,宋朝,
保德军,定羌军,河东路,宋朝,
火山军,河东路,宋朝,,
火山军,火山军,河东路,宋朝,
宁化军,河东路,宋朝,,
宁化军,宁化军,河东路,宋朝,
岢岚军,河东路,宋朝,,
岢岚军,岢岚军,河东路,宋朝,
岚谷,岢岚军,河东路,宋朝,
平定军,河东路,宋朝,,
平定军,平定军,河东路,宋朝,
平定,平定军,河东路,宋朝,
乐平,平定军,河东路,宋朝,
辽山,平定军,河东路,宋朝,
威胜军,河东路,宋朝,,
武乡,威胜军,河东路,宋朝,
沁源,威胜军,河东路,宋朝,
绵上,威胜军,河东路,宋朝,
铜鞮,威胜军,河东路,宋朝,
丰州,河东路,宋朝,,
丰州,丰州,河东路,宋朝,
天德军节度,丰州,河东路,宋朝,
石州,河东路,宋朝,,
离石,石州,河东路,宋朝,
平夷,石州,河东路,宋朝,
方山,石州,河东路,宋朝,
定胡,石州,河东路,宋朝,
临泉,石州,河东路,宋朝,
岚州,河东路,宋朝,,
宜芳,岚州,河东路,宋朝,
楼烦,岚州,河东路,宋朝,
宁化,岚州,河东路,宋朝,
合河,岚州,河东路,宋朝,
岚谷,岚州,河东路,宋朝,
静乐,岚州,河东路,宋朝,
泽州,河东路,宋朝,,
晋城,泽州,河东路,宋朝,
高平,泽州,河东路,宋朝,
阳城,泽州,河东路,宋朝,
端氏,泽州,河东路,宋朝,
陵川,泽州,河东路,宋朝,
沁水,泽州,河东路,宋朝,
汾州,河东路,宋朝,,
西河,汾州,河东路,宋朝,
平遥,汾州,河东路,宋朝,
介休,汾州,河东路,宋朝,
孝义,汾州,河东路,宋朝,
灵石,汾州,河东路,宋朝,
忻州,河东路,宋朝,,
定襄,忻州,河东路,宋朝,
秀容,忻州,河东路,宋朝,
隰州,河东路,宋朝,,
隰川,隰州,河东路,宋朝,
温泉,隰州,河东路,宋朝,
蒲县,隰州,河东路,宋朝,
大宁,隰州,河东路,宋朝,
石楼,隰州,河东路,宋朝,
永和,隰州,河东路,宋朝,
吉乡,隰州,河东路,宋朝,
代州,河东路,宋朝,,
鴈门,代州,河东路,宋朝,
崞县,代州,河东路,宋朝,
五台,代州,河东路,宋朝,
繁畤,代州,河东路,宋朝,
唐林,代州,河东路,宋朝,
绛州,河东路,宋朝,,
正平,绛州,河东路,宋朝,
曲沃,绛州,河东路,宋朝,
翼城,绛州,河东路,宋朝,
绛县,绛州,河东路,宋朝,
垣曲,绛州,河东路,宋朝,
太平,绛州,河东路,宋朝,
稷山,绛州,河东路,宋朝,
麟州,河东路,宋朝,,
新秦,麟州,河东路,宋朝,
银城,麟州,河东路,宋朝,
连谷,麟州,河东路,宋朝,
建宁军节度,麟州,河东路,宋朝,
镇西军节度,麟州,河东路,宋朝,
府州,河东路,宋朝,,
永安军节度,府州,河东路,宋朝,
府谷,府州,河东路,宋朝,
平阳府,河东路,宋朝,,
建雄军节度,平阳府,河东路,宋朝,
建雄军节度,平阳府,河东路,宋朝,
隆德府,河东路,宋朝,,
昭义军节度,隆德府,河东路,宋朝,
昭德军节度,隆德府,河东路,宋朝,
并州,河东路,宋朝,,
阳曲,并州,河东路,宋朝,
太谷,并州,河东路,宋朝,
榆次,并州,河东路,宋朝,
寿阳,并州,河东路,宋朝,
盂县,并州,河东路,宋朝,
文水,并州,河东路,宋朝,
祁县,并州,河东路,宋朝,
清源,并州,河东路,宋朝,
广阳军,并州,河东路,宋朝,
交城,并州,河东路,宋朝,
平晋,并州,河东路,宋朝,
乐平,并州,河东路,宋朝,
秦凤路,宋朝,,,
仪州,秦凤路,宋朝,,
安化,仪州,秦凤路,宋朝,
崇信,仪州,秦凤路,宋朝,
华亭,仪州,秦凤路,宋朝,
乐州,秦凤路,宋朝,,
向德军节度,乐州,秦凤路,宋朝,
向德军节度,乐州,秦凤路,宋朝,
通远军,秦凤路,宋朝,,
通远,通远军,秦凤路,宋朝,
陇西,通远军,秦凤路,宋朝,
永宁,通远军,秦凤路,宋朝,
宁远,通远军,秦凤路,宋朝,
宁远,通远军,秦凤路,宋朝,
熙州,秦凤路,宋朝,,
镇洮军节度,熙州,秦凤路,宋朝,
狄道,熙州,秦凤路,宋朝,
湟州,秦凤路,宋朝,,
阶州,秦凤路,宋朝,,
福津,阶州,秦凤路,宋朝,
将利,阶州,秦凤路,宋朝,
凤州,秦凤路,宋朝,,
两当,凤州,秦凤路,宋朝,
梁泉,凤州,秦凤路,宋朝,
河池,凤州,秦凤路,宋朝,
成州,秦凤路,宋朝,,
栗亭,成州,秦凤路,宋朝,
天水,成州,秦凤路,宋朝,
同谷,成州,秦凤路,宋朝,
北天水,成州,秦凤路,宋朝,
南天水,成州,秦凤路,宋朝,
西安州,秦凤路,宋朝,,
西安州,西安州,秦凤路,宋朝,
怀德军,秦凤路,宋朝,,
怀德军,怀德军,秦凤路,宋朝,
会州,秦凤路,宋朝,,
会州,会州,秦凤路,宋朝,
敷川,会州,秦凤路,宋朝,
义州,秦凤路,宋朝,,
安化,义州,秦凤路,宋朝,
崇信,义州,秦凤路,宋朝,
华亭,义州,秦凤路,宋朝,
崇信军,秦凤路,宋朝,,
崇信军,崇信军,秦凤路,宋朝,
震武军,秦凤路,宋朝,,
震武军,震武军,秦凤路,宋朝,
廓州,秦凤路,宋朝,,
廓州,廓州,秦凤路,宋朝,
洮州,秦凤路,宋朝,,
洮州,洮州,秦凤路,宋朝,
保顺军节度,洮州,秦凤路,宋朝,
积石州,秦凤路,宋朝,,
西宁州,秦凤路,宋朝,,
西宁州,西宁州,秦凤路,宋朝,
巩州,秦凤路,宋朝,,
德顺军,秦凤路,宋朝,,
德顺军,德顺军,秦凤路,宋朝,
水洛城,德顺军,德顺军,秦凤路,宋朝
陇干,德顺军,秦凤路,宋朝,
镇戎军,秦凤路,宋朝,,
镇戎军,镇戎军,秦凤路,宋朝,
兰州,秦凤路,宋朝,,
兰州,兰州,秦凤路,宋朝,
兰泉,兰州,秦凤路,宋朝,
河州,秦凤路,宋朝,,
抱罕,河州,秦凤路,宋朝,
河州,河州,秦凤路,宋朝,
河县,河州,秦凤路,宋朝,
原州,秦凤路,宋朝,,
临泾,原州,秦凤路,宋朝,
平高,原州,秦凤路,宋朝,
彭阳,原州,秦凤路,宋朝,
渭州,秦凤路,宋朝,,
华亭,渭州,秦凤路,宋朝,
平凉,渭州,秦凤路,宋朝,
崇信,渭州,秦凤路,宋朝,
安化,渭州,秦凤路,宋朝,
平凉军节度,渭州,秦凤路,宋朝,
潘原,渭州,秦凤路,宋朝,
岷州,秦凤路,宋朝,,
岷州,岷州,秦凤路,宋朝,
大潭,岷州,秦凤路,宋朝,
祐川,岷州,秦凤路,宋朝,
长道,岷州,秦凤路,宋朝,
陇州,秦凤路,宋朝,,
汧源,陇州,秦凤路,宋朝,
吴山,陇州,秦凤路,宋朝,
陇安,陇州,秦凤路,宋朝,
汧阳,陇州,秦凤路,宋朝,
泾州,秦凤路,宋朝,,
长武,泾州,秦凤路,宋朝,
保定,泾州,秦凤路,宋朝,
彰化军节度,泾州,秦凤路,宋朝,
彰义军节度,泾州,秦凤路,宋朝,
良原,泾州,秦凤路,宋朝,
灵台,泾州,秦凤路,宋朝,
秦州,秦凤路,宋朝,,
长道,秦州,秦凤路,宋朝,
成纪,秦州,秦凤路,宋朝,
天水,秦州,秦凤路,宋朝,
大潭,秦州,秦凤路,宋朝,
雄武军节度,秦州,秦凤路,宋朝,
堡川城,秦州,秦凤路,宋朝,
甘谷城,秦州,秦凤路,宋朝,
伏羌城,秦州,秦凤路,宋朝,
清水,秦州,秦凤路,宋朝,
陇城,秦州,秦凤路,宋朝,
凤翔府,秦凤路,宋朝,,
崇信,凤翔府,秦凤路,宋朝,
好畤,凤翔府,秦凤路,宋朝,
凤翔军节度,凤翔府,秦凤路,宋朝,
岐山,凤翔府,秦凤路,宋朝,
普润,凤翔府,秦凤路,宋朝,
麟游,凤翔府,秦凤路,宋朝,
虢县,凤翔府,秦凤路,宋朝,
宝鸡,凤翔府,秦凤路,宋朝,
郿县,凤翔府,秦凤路,宋朝,
盩厔,凤翔府,秦凤路,宋朝,
扶风,凤翔府,秦凤路,宋朝,
天兴,凤翔府,秦凤路,宋朝,
永兴路,宋朝,,,
京兆府,永兴路,宋朝,,
永兴军节度,京兆府,永兴路,宋朝,
醴泉,京兆府,永兴路,宋朝,
武功,京兆府,永兴路,宋朝,
奉天,京兆府,永兴路,宋朝,
奉先,京兆府,永兴路,宋朝,
京兆郡,京兆府,永兴路,宋朝,
终南,京兆府,永兴路,宋朝,
干祐,京兆府,永兴路,宋朝,
临潼,京兆府,永兴路,宋朝,
昭应,京兆府,永兴路,宋朝,
兴平,京兆府,永兴路,宋朝,
高陵,京兆府,永兴路,宋朝,
栎阳,京兆府,永兴路,宋朝,
泾阳,京兆府,永兴路,宋朝,
咸阳,京兆府,永兴路,宋朝,
蓝田,京兆府,永兴路,宋朝,
鄠县,京兆府,永兴路,宋朝,
樊川,京兆府,永兴路,宋朝,
万年,京兆府,永兴路,宋朝,
长安,京兆府,永兴路,宋朝,
河中府,永兴路,宋朝,,
河西,河中府,永兴路,宋朝,
河东,河中府,永兴路,宋朝,
护国军节度,河中府,永兴路,宋朝,
庆成军,河中府,永兴路,宋朝,
荣河,河中府,永兴路,宋朝,
宝鼎,河中府,永兴路,宋朝,
龙门,河中府,永兴路,宋朝,
万泉,河中府,永兴路,宋朝,
虞乡,河中府,永兴路,宋朝,
猗氏,河中府,永兴路,宋朝,
临晋,河中府,永兴路,宋朝,
永乐,河中府,永兴路,宋朝,
陕州,永兴路,宋朝,,
保义军节度,陕州,永兴路,宋朝,
陕县,陕州,永兴路,宋朝,
阌乡,陕州,永兴路,宋朝,
硖石,陕州,永兴路,宋朝,
湖城,陕州,永兴路,宋朝,
陕州节度,陕州,永兴路,宋朝,
保平军节度,陕州,永兴路,宋朝,
芮城,陕州,永兴路,宋朝,
灵宝,陕州,永兴路,宋朝,
夏县,陕州,永兴路,宋朝,
平陆,陕州,永兴路,宋朝,
陜县,陕州,永兴路,宋朝,
陜县,陕州,永兴路,宋朝,
延安府,永兴路,宋朝,,
彰武军节度,延安府,永兴路,宋朝,
同州,永兴路,宋朝,,
蒲城,同州,永兴路,宋朝,
奉先,同州,永兴路,宋朝,
定国军节度,同州,永兴路,宋朝,
韩城,同州,永兴路,宋朝,
白水,同州,永兴路,宋朝,
夏阳,同州,永兴路,宋朝,
郃阳,同州,永兴路,宋朝,
朝邑,同州,永兴路,宋朝,
澄城,同州,永兴路,宋朝,
冯翊,同州,永兴路,宋朝,
华州,永兴路,宋朝,,
郑县,华州,永兴路,宋朝,
蒲城,华州,永兴路,宋朝,
渭南,华州,永兴路,宋朝,
镇潼军节度,华州,永兴路,宋朝,
镇国军节度,华州,永兴路,宋朝,
镇国军节度,华州,永兴路,宋朝,
渭南,华州,永兴路,宋朝,
华阴,华州,永兴路,宋朝,
下邽,华州,永兴路,宋朝,
耀州,永兴路,宋朝,,
淳化,耀州,永兴路,宋朝,
感义军节度,耀州,永兴路,宋朝,
感德军节度,耀州,永兴路,宋朝,
美原,耀州,永兴路,宋朝,
同官,耀州,永兴路,宋朝,
云阳,耀州,永兴路,宋朝,
三原,耀州,永兴路,宋朝,
富平,耀州,永兴路,宋朝,
华原,耀州,永兴路,宋朝,
邠州,永兴路,宋朝,,
淳化,邠州,永兴路,宋朝,
永寿,邠州,永兴路,宋朝,
定平,邠州,永兴路,宋朝,
静难军节度,邠州,永兴路,宋朝,
三水,邠州,永兴路,宋朝,
宜禄,邠州,永兴路,宋朝,
新平,邠州,永兴路,宋朝,
鄜州,永兴路,宋朝,,
保大军节度,鄜州,永兴路,宋朝,
三川,鄜州,永兴路,宋朝,
直罗,鄜州,永兴路,宋朝,
鄜城,鄜州,永兴路,宋朝,
洛川,鄜州,永兴路,宋朝,
洛交,鄜州,永兴路,宋朝,
解州,永兴路,宋朝,,
安邑,解州,永兴路,宋朝,
闻喜,解州,永兴路,宋朝,
解县,解州,永兴路,宋朝,
庆阳府,永兴路,宋朝,,
虢州,永兴路,宋朝,,
阌乡,虢州,永兴路,宋朝,
硖石,虢州,永兴路,宋朝,
卢氏,虢州,永兴路,宋朝,
湖城,虢州,永兴路,宋朝,
朱阳,虢州,永兴路,宋朝,
玉城,虢州,永兴路,宋朝,
栾川,虢州,永兴路,宋朝,
虢略,虢州,永兴路,宋朝,
常农,虢州,永兴路,宋朝,
商州,永兴路,宋朝,,
上洛,商州,永兴路,宋朝,
商洛,商州,永兴路,宋朝,
洛南,商州,永兴路,宋朝,
丰阳,商州,永兴路,宋朝,
上津,商州,永兴路,宋朝,
宁州,永兴路,宋朝,,
襄乐,宁州,永兴路,宋朝,
真宁,宁州,永兴路,宋朝,
丰义,宁州,永兴路,宋朝,
定平,宁州,永兴路,宋朝,
彭原,宁州,永兴路,宋朝,
彭阳,宁州,永兴路,宋朝,
定安,宁州,永兴路,宋朝,
兴宁军节度,宁州,永兴路,宋朝,
坊州,永兴路,宋朝,,
中部,坊州,永兴路,宋朝,
宜君,坊州,永兴路,宋朝,
升平,坊州,永兴路,宋朝,
丹州,永兴路,宋朝,,
义川,丹州,永兴路,宋朝,
宜川,丹州,永兴路,宋朝,
咸宁,丹州,永兴路,宋朝,
汾川,丹州,永兴路,宋朝,
云岩,丹州,永兴路,宋朝,
保安军,永兴路,宋朝,,
肤施,保安军,永兴路,宋朝,
干州,永兴路,宋朝,,
奉天,干州,永兴路,宋朝,
好畤,干州,永兴路,宋朝,
永寿,干州,永兴路,宋朝,
醴州,永兴路,宋朝,,
奉天,醴州,永兴路,宋朝,
好畤,醴州,永兴路,宋朝,
彭原,醴州,永兴路,宋朝,
武功,醴州,永兴路,宋朝,
永寿,醴州,永兴路,宋朝,
醴泉,醴州,永兴路,宋朝,
银川城,永兴路,宋朝,,
定边军,永兴路,宋朝,,
定边军,定边军,永兴路,宋朝,
定边,定边军,永兴路,宋朝,
绥德城,永兴路,宋朝,,
义合寨,绥德城,永兴路,宋朝,
浮图寨,绥德城,永兴路,宋朝,
克戎寨,绥德城,永兴路,宋朝,
怀宁寨,绥德城,永兴路,宋朝,
顺安寨,绥德城,永兴路,宋朝,
绥平寨,绥德城,永兴路,宋朝,
暖泉寨,绥德城,永兴路,宋朝,
开光堡,绥德城,永兴路,宋朝,
临夏寨,绥德城,永兴路,宋朝,
永宁关,绥德城,永兴路,宋朝,
白草寨,绥德城,永兴路,宋朝,
米脂寨,绥德城,永兴路,宋朝,
青涧城,绥德城,永兴路,宋朝,
银州,永兴路,宋朝,,
银川城,银州,永兴路,宋朝,
银川城,银州,永兴路,宋朝,
银川城,银州,永兴路,宋朝,
延州,永兴路,宋朝,,
青涧城,延州,永兴路,宋朝,
肤施,延州,永兴路,宋朝,
绥德城,延州,永兴路,宋朝,
义合寨,绥德城,延州,永兴路,宋朝
浮图寨,绥德城,延州,永兴路,宋朝
克戎寨,绥德城,延州,永兴路,宋朝
怀宁寨,绥德城,延州,永兴路,宋朝
顺安寨,绥德城,延州,永兴路,宋朝
绥平寨,绥德城,延州,永兴路,宋朝
暖泉寨,绥德城,延州,永兴路,宋朝
开光堡,绥德城,延州,永兴路,宋朝
临夏寨,绥德城,延州,永兴路,宋朝
永宁关,绥德城,延州,永兴路,宋朝
白草寨,绥德城,延州,永兴路,宋朝
米脂寨,绥德城,延州,永兴路,宋朝
青涧城,绥德城,延州,永兴路,宋朝
延川,延州,永兴路,宋朝,
甘泉,延州,永兴路,宋朝,
敷政,延州,永兴路,宋朝,
临真,延州,永兴路,宋朝,
门山,延州,永兴路,宋朝,
延长,延州,永兴路,宋朝,
延水,延州,永兴路,宋朝,
金明,延州,永兴路,宋朝,
丰林,延州,永兴路,宋朝,
庆州,永兴路,宋朝,,
彭原,庆州,永兴路,宋朝,
安化,庆州,永兴路,宋朝,
华池,庆州,永兴路,宋朝,
乐蟠,庆州,永兴路,宋朝,
同川,庆州,永兴路,宋朝,
合水,庆州,永兴路,宋朝,
顺化,庆州,永兴路,宋朝,
环州,永兴路,宋朝,,
通远军,永兴路,宋朝,,
通远,通远军,永兴路,宋朝,
陇西,通远军,永兴路,宋朝,
永宁,通远军,永兴路,宋朝,
宁远,通远军,永兴路,宋朝,
宁远,通远军,永兴路,宋朝,
陕西路,宋朝,,,
陕西永兴,陕西路,宋朝,,
陕西陕西,陕西路,宋朝,,
陕西秦风,陕西路,宋朝,,
陕西泾原,陕西路,宋朝,,
陕西环庆,陕西路,宋朝,,
陕西鹿延,陕西路,宋朝,,
陕西熙河,陕西路,宋朝,,
陕西河南,陕西路,宋朝,,
陕西河北,陕西路,宋朝,,
灵州,陕西路,宋朝,,
回乐,灵州,陕西路,宋朝,
燕山府路,宋朝,,,
燕山府,燕山府路,宋朝,,
析津,燕山府,燕山府路,宋朝,
宛平,燕山府,燕山府路,宋朝,
昌平,燕山府,燕山府路,宋朝,
良乡,燕山府,燕山府路,宋朝,
潞县,燕山府,燕山府路,宋朝,
安次,燕山府,燕山府路,宋朝,
武清,燕山府,燕山府路,宋朝,
香河,燕山府,燕山府路,宋朝,
玉河,燕山府,燕山府路,宋朝,
漷阴,燕山府,燕山府路,宋朝,
广宁,燕山府,燕山府路,宋朝,
永清,燕山府,燕山府路,宋朝,
涿州,燕山府路,宋朝,,
范阳,涿州,燕山府路,宋朝,
归义,涿州,燕山府路,宋朝,
固安,涿州,燕山府路,宋朝,
新城,涿州,燕山府路,宋朝,
檀州,燕山府路,宋朝,,
密云,檀州,燕山府路,宋朝,
行唐,檀州,燕山府路,宋朝,
平州,燕山府路,宋朝,,
卢龙,平州,燕山府路,宋朝,
石城,平州,燕山府路,宋朝,
马城,平州,燕山府路,宋朝,
平州海岸海水,平州,燕山府路,宋朝,
易州,燕山府路,宋朝,,
满城,易州,燕山府路,宋朝,
易水,易州,燕山府路,宋朝,
容城,易州,燕山府路,宋朝,
易县,易州,燕山府路,宋朝,
涞水,易州,燕山府路,宋朝,
遂城,易州,燕山府路,宋朝,
营州,燕山府路,宋朝,,
柳城,营州,燕山府路,宋朝,
顺州,燕山府路,宋朝,,
怀柔,顺州,燕山府路,宋朝,
蓟州,燕山府路,宋朝,,
鱼阳,蓟州,燕山府路,宋朝,
三河,蓟州,燕山府路,宋朝,
玉田,蓟州,燕山府路,宋朝,
景州,燕山府路,宋朝,,
遵化,景州,燕山府路,宋朝,
河北西路,宋朝,,,
静安军节度,河北西路,宋朝,,
广信军,河北西路,宋朝,,
遂城,广信军,河北西路,宋朝,
顺安军,广信军,河北西路,宋朝,
高阳,顺安军,广信军,河北西路,宋朝
高阳,顺安军,广信军,河北西路,宋朝
高阳,广信军,河北西路,宋朝,
永宁军,河北西路,宋朝,,
博野,永宁军,河北西路,宋朝,
安肃军,河北西路,宋朝,,
保州,河北西路,宋朝,,
青苑,保州,河北西路,宋朝,
赵州,河北西路,宋朝,,
平棘,赵州,河北西路,宋朝,
宁晋,赵州,河北西路,宋朝,
昭庆,赵州,河北西路,宋朝,
隆平,赵州,河北西路,宋朝,
柏乡,赵州,河北西路,宋朝,
临城,赵州,河北西路,宋朝,
赞皇,赵州,河北西路,宋朝,
高邑,赵州,河北西路,宋朝,
邢州,河北西路,宋朝,,
龙冈,邢州,河北西路,宋朝,
邢台,邢州,河北西路,宋朝,
沙河,邢州,河北西路,宋朝,
内邱,邢州,河北西路,宋朝,
任县,邢州,河北西路,宋朝,
内丘,邢州,河北西路,宋朝,
南和,邢州,河北西路,宋朝,
尧山,邢州,河北西路,宋朝,
平乡,邢州,河北西路,宋朝,
巨鹿,邢州,河北西路,宋朝,
定州,河北西路,宋朝,,
蒲阴,定州,河北西路,宋朝,
无极,定州,河北西路,宋朝,
博野,定州,河北西路,宋朝,
义武军节度,定州,河北西路,宋朝,
定武军节度,定州,河北西路,宋朝,
陉邑,定州,河北西路,宋朝,
北平,定州,河北西路,宋朝,
新乐,定州,河北西路,宋朝,
望都,定州,河北西路,宋朝,
唐县,定州,河北西路,宋朝,
曲阳,定州,河北西路,宋朝,
安喜,定州,河北西路,宋朝,
通利军,河北西路,宋朝,,
卫县,通利军,河北西路,宋朝,
黎阳,通利军,河北西路,宋朝,
顺安军,河北西路,宋朝,,
高阳,顺安军,河北西路,宋朝,
高阳,顺安军,河北西路,宋朝,
静安军,河北西路,宋朝,,
下博,静安军,河北西路,宋朝,
濬州,河北西路,宋朝,,
安利军,河北西路,宋朝,,
威勇军,河北西路,宋朝,,
遂城,威勇军,河北西路,宋朝,
永定军,河北西路,宋朝,,
宁边军,河北西路,宋朝,,
博野,宁边军,河北西路,宋朝,
静戎军,河北西路,宋朝,,
安肃,静戎军,河北西路,宋朝,
保军,河北西路,宋朝,,
保塞州,河北西路,宋朝,,
宝塞,保塞州,河北西路,宋朝,
青苑,保塞州,河北西路,宋朝,
庆源府,河北西路,宋朝,,
祁州,河北西路,宋朝,,
深泽,祁州,河北西路,宋朝,
无极,祁州,河北西路,宋朝,
蒲阴,祁州,河北西路,宋朝,
鼓城,祁州,河北西路,宋朝,
磁州,河北西路,宋朝,,
釜阳,磁州,河北西路,宋朝,
邯郸,磁州,河北西路,宋朝,
武安,磁州,河北西路,宋朝,
昭义,磁州,河北西路,宋朝,
昭德,磁州,河北西路,宋朝,
深州,河北西路,宋朝,,
静安,深州,河北西路,宋朝,
安平,深州,河北西路,宋朝,
饶阳,深州,河北西路,宋朝,
武强,深州,河北西路,宋朝,
陆泽,深州,河北西路,宋朝,
下博,深州,河北西路,宋朝,
束鹿,深州,河北西路,宋朝,
乐寿,深州,河北西路,宋朝,
洺州,河北西路,宋朝,,
永年,洺州,河北西路,宋朝,
肥乡,洺州,河北西路,宋朝,
平恩,洺州,河北西路,宋朝,
曲周,洺州,河北西路,宋朝,
临洺,洺州,河北西路,宋朝,
曲周,洺州,河北西路,宋朝,
鸡泽,洺州,河北西路,宋朝,
卫州,河北西路,宋朝,,
共城,卫州,河北西路,宋朝,
新乡,卫州,河北西路,宋朝,
汲县,卫州,河北西路,宋朝,
获嘉,卫州,河北西路,宋朝,
卫县,卫州,河北西路,宋朝,
黎阳,卫州,河北西路,宋朝,
怀州,河北西路,宋朝,,
河内,怀州,河北西路,宋朝,
武德,怀州,河北西路,宋朝,
修武,怀州,河北西路,宋朝,
武陟,怀州,河北西路,宋朝,
获嘉,怀州,河北西路,宋朝,
信德府,河北西路,宋朝,,
安国军节度,信德府,河北西路,宋朝,
安国军节度,信德府,河北西路,宋朝,
中山州,河北西路,宋朝,,
相州,河北西路,宋朝,,
彰德军节度,相州,河北西路,宋朝,
邺县,相州,河北西路,宋朝,
永和,相州,河北西路,宋朝,
永定,相州,河北西路,宋朝,
林虑,相州,河北西路,宋朝,
临漳,相州,河北西路,宋朝,
荡阴,相州,河北西路,宋朝,
安阳,相州,河北西路,宋朝,
真定府,河北西路,宋朝,,
鼓城,真定府,河北西路,宋朝,
灵寿,真定府,河北西路,宋朝,
行唐,真定府,河北西路,宋朝,
获鹿,真定府,河北西路,宋朝,
束鹿,真定府,河北西路,宋朝,
平山,真定府,河北西路,宋朝,
井陉,真定府,河北西路,宋朝,
成德军节度,真定府,河北西路,宋朝,
九门,真定府,河北西路,宋朝,
石邑,真定府,河北西路,宋朝,
井陉,真定府,河北西路,宋朝,
元氏,真定府,河北西路,宋朝,
栾城,真定府,河北西路,宋朝,
槁城,真定府,河北西路,宋朝,
真定,真定府,河北西路,宋朝,
河北东路,宋朝,,,
魏州,河北东路,宋朝,,
元城,魏州,河北东路,宋朝,
莘县,魏州,河北东路,宋朝,
内黄,魏州,河北东路,宋朝,
洹水,魏州,河北东路,宋朝,
魏县,魏州,河北东路,宋朝,
馆陶,魏州,河北东路,宋朝,
临清,魏州,河北东路,宋朝,
永济,魏州,河北东路,宋朝,
宗城,魏州,河北东路,宋朝,
夏津,魏州,河北东路,宋朝,
清平,魏州,河北东路,宋朝,
冠氏,魏州,河北东路,宋朝,
经城,魏州,河北东路,宋朝,
朝城,魏州,河北东路,宋朝,
南乐,魏州,河北东路,宋朝,
博平,魏州,河北东路,宋朝,
大名,魏州,河北东路,宋朝,
成安,魏州,河北东路,宋朝,
朝城,魏州,河北东路,宋朝,
澶州,河北东路,宋朝,,
濮阳,澶州,河北东路,宋朝,
观城,澶州,河北东路,宋朝,
清丰,澶州,河北东路,宋朝,
朝城,澶州,河北东路,宋朝,
南乐,澶州,河北东路,宋朝,
清丰,澶州,河北东路,宋朝,
濮阳,澶州,河北东路,宋朝,
临河,澶州,河北东路,宋朝,
卫南,澶州,河北东路,宋朝,
观城,澶州,河北东路,宋朝,
顿丘,澶州,河北东路,宋朝,
沧州,河北东路,宋朝,,
保成军节度,沧州,河北东路,宋朝,
保顺军节度,沧州,河北东路,宋朝,
清池,沧州,河北东路,宋朝,
东光,沧州,河北东路,宋朝,
南皮,沧州,河北东路,宋朝,
横海军节度,沧州,河北东路,宋朝,
永安,沧州,河北东路,宋朝,
临津,沧州,河北东路,宋朝,
长芦,沧州,河北东路,宋朝,
饶安,沧州,河北东路,宋朝,
乐陵,沧州,河北东路,宋朝,
盐山,沧州,河北东路,宋朝,
无棣,沧州,河北东路,宋朝,
冀州,河北东路,宋朝,,
蓨县,冀州,河北东路,宋朝,
新河,冀州,河北东路,宋朝,
武邑,冀州,河北东路,宋朝,
衡水,冀州,河北东路,宋朝,
堂阳,冀州,河北东路,宋朝,
信都,冀州,河北东路,宋朝,
南宫,冀州,河北东路,宋朝,
枣强,冀州,河北东路,宋朝,
阜城,冀州,河北东路,宋朝,
安武军节度,冀州,河北东路,宋朝,
河间府,河北东路,宋朝,,
瀛海军节度,河间府,河北东路,宋朝,
博州,河北东路,宋朝,,
聊城,博州,河北东路,宋朝,
高唐,博州,河北东路,宋朝,
堂邑,博州,河北东路,宋朝,
博平,博州,河北东路,宋朝,
博平,博州,河北东路,宋朝,
棣州,河北东路,宋朝,,
厌次,棣州,河北东路,宋朝,
商河,棣州,河北东路,宋朝,
阳信,棣州,河北东路,宋朝,
莫州,河北东路,宋朝,,
任邱,莫州,河北东路,宋朝,
莫县,莫州,河北东路,宋朝,
长丰,莫州,河北东路,宋朝,
任丘,莫州,河北东路,宋朝,
雄州,河北东路,宋朝,,
雄州,雄州,河北东路,宋朝,
归信,雄州,河北东路,宋朝,
容城,雄州,河北东路,宋朝,
霸州,河北东路,宋朝,,
大城,霸州,河北东路,宋朝,
文安,霸州,河北东路,宋朝,
永清,霸州,河北东路,宋朝,
德州,河北东路,宋朝,,
德平,德州,河北东路,宋朝,
平原,德州,河北东路,宋朝,
将陵,德州,河北东路,宋朝,
安陵,德州,河北东路,宋朝,
安德,德州,河北东路,宋朝,
将陵,德州,河北东路,宋朝,
滨州,河北东路,宋朝,,
蒲台,滨州,河北东路,宋朝,
滨州海岸海水,滨州,河北东路,宋朝,
招安,滨州,河北东路,宋朝,
渤海,滨州,河北东路,宋朝,
贝州,河北东路,宋朝,,
清河,贝州,河北东路,宋朝,
武城,贝州,河北东路,宋朝,
历亭,贝州,河北东路,宋朝,
漳南,贝州,河北东路,宋朝,
清阳,贝州,河北东路,宋朝,
定远军,河北东路,宋朝,,
将陵,定远军,河北东路,宋朝,
东光,定远军,河北东路,宋朝,
阜城,定远军,河北东路,宋朝,
清州,河北东路,宋朝,,
Polu Jun,河北东路,宋朝,,
Polu Jun,Polu Jun,河北东路,宋朝,
信安军,Polu Jun,河北东路,宋朝,
平戎军,河北东路,宋朝,,
保定,平戎军,河北东路,宋朝,
保定军,平戎军,河北东路,宋朝,
德清军,河北东路,宋朝,,
德清军,德清军,河北东路,宋朝,
保顺军,河北东路,宋朝,,
保顺军,保顺军,河北东路,宋朝,
开德府,河北东路,宋朝,,
南乐,开德府,河北东路,宋朝,
朝城,开德府,河北东路,宋朝,
清丰,开德府,河北东路,宋朝,
濮阳,开德府,河北东路,宋朝,
临河,开德府,河北东路,宋朝,
卫南,开德府,河北东路,宋朝,
观城,开德府,河北东路,宋朝,
顿丘,开德府,河北东路,宋朝,
镇宁军节度,开德府,河北东路,宋朝,
大名府,河北东路,宋朝,,
大名,大名府,河北东路,宋朝,
成安,大名府,河北东路,宋朝,
魏郡,大名府,河北东路,宋朝,
瀛州,河北东路,宋朝,,
河间,瀛州,河北东路,宋朝,
景城,瀛州,河北东路,宋朝,
束城,瀛州,河北东路,宋朝,
乐寿,瀛州,河北东路,宋朝,
高阳,瀛州,河北东路,宋朝,
恩州,河北东路,宋朝,,
永清军节度,恩州,河北东路,宋朝,
永静军,河北东路,宋朝,,
东光,永静军,河北东路,宋朝,
阜城,永静军,河北东路,宋朝,
干宁军,河北东路,宋朝,,
干宁,干宁军,河北东路,宋朝,
干宁镇,干宁军,河北东路,宋朝,
信安军,河北东路,宋朝,,
保定军,河北东路,宋朝,,
河北路,宋朝,,,
河北道,宋朝,,,
易州,河北道,宋朝,,
满城,易州,河北道,宋朝,
易水,易州,河北道,宋朝,
容城,易州,河北道,宋朝,
易县,易州,河北道,宋朝,
涞水,易州,河北道,宋朝,
遂城,易州,河北道,宋朝,
京西北路,宋朝,,,
河南府,京西北路,宋朝,,
福昌,河南府,京西北路,宋朝,
王屋,河南府,京西北路,宋朝,
颍阳,河南府,京西北路,宋朝,
洛阳,河南府,京西北路,宋朝,
河南,河南府,京西北路,宋朝,
密县,河南府,京西北路,宋朝,
寿安,河南府,京西北路,宋朝,
偃师,河南府,京西北路,宋朝,
伊阳,河南府,京西北路,宋朝,
缑氏,河南府,京西北路,宋朝,
河清,河南府,京西北路,宋朝,
伊阙,河南府,京西北路,宋朝,
长水,河南府,京西北路,宋朝,
永宁,河南府,京西北路,宋朝,
渑池,河南府,京西北路,宋朝,
新安,河南府,京西北路,宋朝,
颖阳,河南府,京西北路,宋朝,
登封,河南府,京西北路,宋朝,
巩县,河南府,京西北路,宋朝,
永安,河南府,京西北路,宋朝,
许州,京西北路,宋朝,,
阳翟,许州,京西北路,宋朝,
长葛,许州,京西北路,宋朝,
长社,许州,京西北路,宋朝,
郾城,许州,京西北路,宋朝,
郏城,许州,京西北路,宋朝,
许田,许州,京西北路,宋朝,
舞阳,许州,京西北路,宋朝,
临颍,许州,京西北路,宋朝,
临颖,许州,京西北路,宋朝,
孟州,京西北路,宋朝,,
河阳,孟州,京西北路,宋朝,
温县,孟州,京西北路,宋朝,
济源,孟州,京西北路,宋朝,
河阴,孟州,京西北路,宋朝,
河阳三城节度,孟州,京西北路,宋朝,
汜水,孟州,京西北路,宋朝,
王屋,孟州,京西北路,宋朝,
蔡州,京西北路,宋朝,,
淮康军节度,蔡州,京西北路,宋朝,
西平,蔡州,京西北路,宋朝,
真阳,蔡州,京西北路,宋朝,
确山,蔡州,京西北路,宋朝,
郎山,蔡州,京西北路,宋朝,
新息,蔡州,京西北路,宋朝,
遂平,蔡州,京西北路,宋朝,
平舆,蔡州,京西北路,宋朝,
褒信,蔡州,京西北路,宋朝,
新蔡,蔡州,京西北路,宋朝,
上蔡,蔡州,京西北路,宋朝,
汝阳,蔡州,京西北路,宋朝,
淮宁府,京西北路,宋朝,,
镇安军节度,淮宁府,京西北路,宋朝,
顺昌府,京西北路,宋朝,,
顺昌军节度,顺昌府,京西北路,宋朝,
汝州,京西北路,宋朝,,
陆海军节度,汝州,京西北路,宋朝,
龙兴,汝州,京西北路,宋朝,
鲁山,汝州,京西北路,宋朝,
郏城,汝州,京西北路,宋朝,
宝丰,汝州,京西北路,宋朝,
叶县,汝州,京西北路,宋朝,
襄城,汝州,京西北路,宋朝,
梁县,汝州,京西北路,宋朝,
申州,京西北路,宋朝,,
钟山,申州,京西北路,宋朝,
信阳,申州,京西北路,宋朝,
罗山,申州,京西北路,宋朝,
义阳军,京西北路,宋朝,,
信阳军,京西北路,宋朝,,
信阳,信阳军,京西北路,宋朝,
罗山,信阳军,京西北路,宋朝,
颍昌府,京西北路,宋朝,,
忠武军节度,颍昌府,京西北路,宋朝,
郑州,京西北路,宋朝,,
管城,郑州,京西北路,宋朝,
荥阳,郑州,京西北路,宋朝,
荥泽,郑州,京西北路,宋朝,
新郑,郑州,京西北路,宋朝,
密县,郑州,京西北路,宋朝,
原武,郑州,京西北路,宋朝,
奉宁军节度,郑州,京西北路,宋朝,
荣泽,郑州,京西北路,宋朝,
荣阳,郑州,京西北路,宋朝,
滑州,京西北路,宋朝,,
灵河,滑州,京西北路,宋朝,
义成军节度,滑州,京西北路,宋朝,
宣义军节度,滑州,京西北路,宋朝,
义成军节度,滑州,京西北路,宋朝,
昨城,滑州,京西北路,宋朝,
武成军节度,滑州,京西北路,宋朝,
白马,滑州,京西北路,宋朝,
韦城,滑州,京西北路,宋朝,
黎阳,滑州,京西北路,宋朝,
义成军节度,滑州,京西北路,宋朝,
陈州,京西北路,宋朝,,
项城,陈州,京西北路,宋朝,
西华,陈州,京西北路,宋朝,
宛丘,陈州,京西北路,宋朝,
商水,陈州,京西北路,宋朝,
南顿,陈州,京西北路,宋朝,
宛邱,陈州,京西北路,宋朝,
颍州,京西北路,宋朝,,
汝阴,颍州,京西北路,宋朝,
沈丘,颍州,京西北路,宋朝,
颍上,颍州,京西北路,宋朝,
万寿,颍州,京西北路,宋朝,
京西南路,宋朝,,,
襄州,京西南路,宋朝,,
谷城,襄州,京西南路,宋朝,
南漳,襄州,京西南路,宋朝,
光化,襄州,京西南路,宋朝,
乐乡,襄州,京西南路,宋朝,
南漳,襄州,京西南路,宋朝,
中庐,襄州,京西南路,宋朝,
宜城,襄州,京西南路,宋朝,
邓城,襄州,京西南路,宋朝,
襄阳,襄州,京西南路,宋朝,
山南东道节度,襄阳,襄州,京西南路,宋朝
襄阳府,京西南路,宋朝,,
谷城,襄阳府,京西南路,宋朝,
中庐,襄阳府,京西南路,宋朝,
宜城,襄阳府,京西南路,宋朝,
邓城,襄阳府,京西南路,宋朝,
襄阳,襄阳府,京西南路,宋朝,
山南东道节度,襄阳,襄阳府,京西南路,宋朝
邓州,京西南路,宋朝,,
南阳,邓州,京西南路,宋朝,
顺阳,邓州,京西南路,宋朝,
淅川,邓州,京西南路,宋朝,
内乡,邓州,京西南路,宋朝,
穰县,邓州,京西南路,宋朝,
房州,京西南路,宋朝,,
永清,房州,京西南路,宋朝,
上庸,房州,京西南路,宋朝,
保康军节度,房州,京西南路,宋朝,
房陵,房州,京西南路,宋朝,
竹山,房州,京西南路,宋朝,
均州,京西南路,宋朝,,
郧乡,均州,京西南路,宋朝,
武当军节度,均州,京西南路,宋朝,
丰利,均州,京西南路,宋朝,
武当,均州,京西南路,宋朝,
郢州,京西南路,宋朝,,
富水,郢州,京西南路,宋朝,
京山,郢州,京西南路,宋朝,
长寿,郢州,京西南路,宋朝,
唐州,京西南路,宋朝,,
泌阳,唐州,京西南路,宋朝,
湖阳,唐州,京西南路,宋朝,
比阳,唐州,京西南路,宋朝,
桐柏,唐州,京西南路,宋朝,
方城,唐州,京西南路,宋朝,
通化军,京西南路,宋朝,,
枣阳军,京西南路,宋朝,,
枣阳,枣阳军,京西南路,宋朝,
信阳军,京西南路,宋朝,,
信阳,信阳军,京西南路,宋朝,
罗山,信阳军,京西南路,宋朝,
金州,京西南路,宋朝,,
西城,金州,京西南路,宋朝,
石泉,金州,京西南路,宋朝,
汉阴,金州,京西南路,宋朝,
洵阳,金州,京西南路,宋朝,
平利,金州,京西南路,宋朝,
上津,金州,京西南路,宋朝,
昭化军节度,金州,京西南路,宋朝,
淯阳,金州,京西南路,宋朝,
随州,京西南路,宋朝,,
唐城,随州,京西南路,宋朝,
崇信军节度,随州,京西南路,宋朝,
光化,随州,京西南路,宋朝,
应山,随州,京西南路,宋朝,
彭泽,应山,随州,京西南路,宋朝
枣阳,随州,京西南路,宋朝,
随县,随州,京西南路,宋朝,
光化军,京西南路,宋朝,,
干德,光化军,京西南路,宋朝,
光化,光化军,京西南路,宋朝,
襄阳府路,宋朝,,,
襄阳府,襄阳府路,宋朝,,
谷城,襄阳府,襄阳府路,宋朝,
中庐,襄阳府,襄阳府路,宋朝,
宜城,襄阳府,襄阳府路,宋朝,
邓城,襄阳府,襄阳府路,宋朝,
襄阳,襄阳府,襄阳府路,宋朝,
山南东道节度,襄阳,襄阳府,襄阳府路,宋朝
京西路,宋朝,,,
安州,京西路,宋朝,,
孝感,安州,京西路,宋朝,
安陆,安州,京西路,宋朝,
应城,安州,京西路,宋朝,
应山,安州,京西路,宋朝,
彭泽,应山,安州,京西路,宋朝
云梦,安州,京西路,宋朝,
京东西路,宋朝,,,
东平府,京东西路,宋朝,,
天平军节度,东平府,京东西路,宋朝,
宋州,京东西路,宋朝,,
宋城,宋州,京东西路,宋朝,
谷熟,宋州,京东西路,宋朝,
下邑,宋州,京东西路,宋朝,
虞城,宋州,京东西路,宋朝,
宁陵,宋州,京东西路,宋朝,
柘城,宋州,京东西路,宋朝,
楚丘,宋州,京东西路,宋朝,
袭庆府,京东西路,宋朝,,
徐州,京东西路,宋朝,,
武宁军节度,徐州,京东西路,宋朝,
武宁军节度,徐州,京东西路,宋朝,
丰县,徐州,京东西路,宋朝,
滕县,徐州,京东西路,宋朝,
萧县,徐州,京东西路,宋朝,
沛县,徐州,京东西路,宋朝,
彭城,徐州,京东西路,宋朝,
兴仁府,京东西路,宋朝,,
彰信军节度,兴仁府,京东西路,宋朝,
济州,京东西路,宋朝,,
巨野,济州,京东西路,宋朝,
任城,济州,京东西路,宋朝,
金乡,济州,京东西路,宋朝,
郓城,济州,京东西路,宋朝,
单州,京东西路,宋朝,,
单父,单州,京东西路,宋朝,
砀山,单州,京东西路,宋朝,
成武,单州,京东西路,宋朝,
鱼台,单州,京东西路,宋朝,
濮州,京东西路,宋朝,,
鄄城,濮州,京东西路,宋朝,
雷泽,濮州,京东西路,宋朝,
临濮,濮州,京东西路,宋朝,
范县,濮州,京东西路,宋朝,
拱州,京东西路,宋朝,,
太康,拱州,京东西路,宋朝,
宁陵,拱州,京东西路,宋朝,
柘城,拱州,京东西路,宋朝,
楚丘,拱州,京东西路,宋朝,
考城,拱州,京东西路,宋朝,
襄邑,拱州,京东西路,宋朝,
保庆军节度,拱州,京东西路,宋朝,
曹州,京东西路,宋朝,,
宛句,曹州,京东西路,宋朝,
宛亭,曹州,京东西路,宋朝,
乘氏,曹州,京东西路,宋朝,
冤句,曹州,京东西路,宋朝,
南华,曹州,京东西路,宋朝,
定陶,曹州,京东西路,宋朝,
济阴,曹州,京东西路,宋朝,
广济军,京东西路,宋朝,,
定陶,广济军,京东西路,宋朝,
郓州,京东西路,宋朝,,
平阴,郓州,京东西路,宋朝,
寿张,郓州,京东西路,宋朝,
东阿,郓州,京东西路,宋朝,
中都,郓州,京东西路,宋朝,
阳谷,郓州,京东西路,宋朝,
须城,郓州,京东西路,宋朝,
应天府,京东西路,宋朝,,
楚丘,应天府,京东西路,宋朝,
柘城,应天府,京东西路,宋朝,
宁陵,应天府,京东西路,宋朝,
归德军节度,应天府,京东西路,宋朝,
兖州,京东西路,宋朝,,
瑕邱,兖州,京东西路,宋朝,
瑕县,兖州,京东西路,宋朝,
干封,兖州,京东西路,宋朝,
奉符,兖州,京东西路,宋朝,
泗水,兖州,京东西路,宋朝,
龚邱,兖州,京东西路,宋朝,
龚县,兖州,京东西路,宋朝,
曲阜,兖州,京东西路,宋朝,
莱芜,兖州,京东西路,宋朝,
泰宁军节度,兖州,京东西路,宋朝,
仙源,兖州,京东西路,宋朝,
邹县,兖州,京东西路,宋朝,
广济军节度,京东西路,宋朝,,
京东东路,宋朝,,,
青州,京东东路,宋朝,,
平庐军节度,青州,京东东路,宋朝,
寿光,青州,京东东路,宋朝,
北海,青州,京东东路,宋朝,
临淄,青州,京东东路,宋朝,
千乘,青州,京东东路,宋朝,
博兴,青州,京东东路,宋朝,
临朐,青州,京东东路,宋朝,
益都,青州,京东东路,宋朝,
密州,京东东路,宋朝,,
诸城,密州,京东东路,宋朝,
胶西,密州,京东东路,宋朝,
安邱,密州,京东东路,宋朝,
莒县,密州,京东东路,宋朝,
安化军节度,密州,京东东路,宋朝,
胶西,密州,京东东路,宋朝,
高密,密州,京东东路,宋朝,
临海军节度,密州,京东东路,宋朝,
沂州,京东东路,宋朝,,
临沂,沂州,京东东路,宋朝,
承县,沂州,京东东路,宋朝,
沂水,沂州,京东东路,宋朝,
费县,沂州,京东东路,宋朝,
新泰,沂州,京东东路,宋朝,
登州,京东东路,宋朝,,
蓬莱,登州,京东东路,宋朝,
黄县,登州,京东东路,宋朝,
牟平,登州,京东东路,宋朝,
文登,登州,京东东路,宋朝,
莱州,京东东路,宋朝,,
掖县,莱州,京东东路,宋朝,
莱阳,莱州,京东东路,宋朝,
胶水,莱州,京东东路,宋朝,
即墨,莱州,京东东路,宋朝,
潍州,京东东路,宋朝,,
昌邑,潍州,京东东路,宋朝,
昌乐,潍州,京东东路,宋朝,
北海,潍州,京东东路,宋朝,
淄州,京东东路,宋朝,,
淄川,淄州,京东东路,宋朝,
长山,淄州,京东东路,宋朝,
邹平,淄州,京东东路,宋朝,
高苑,淄州,京东东路,宋朝,
淮阳军,京东东路,宋朝,,
下邳,淮阳军,京东东路,宋朝,
宿迁,淮阳军,京东东路,宋朝,
济南府,京东东路,宋朝,,
兴德军节度,济南府,京东东路,宋朝,
兴国军节度,济南府,京东东路,宋朝,
宣化军,京东东路,宋朝,,
高苑,宣化军,京东东路,宋朝,
清平军,京东东路,宋朝,,
章邱,清平军,京东东路,宋朝,
齐州,京东东路,宋朝,,
历城,齐州,京东东路,宋朝,
禹城,齐州,京东东路,宋朝,
长清,齐州,京东东路,宋朝,
临邑,齐州,京东东路,宋朝,
临济,齐州,京东东路,宋朝,
章邱,齐州,京东东路,宋朝,
章丘,齐州,京东东路,宋朝,
京东路,宋朝,,,
开封府,宋朝,,,
阳武,开封府,宋朝,,
酸枣,开封府,宋朝,,
鄢陵,开封府,宋朝,,
祥符,开封府,宋朝,,
东明,开封府,宋朝,,
扶沟,开封府,宋朝,,
延津,开封府,宋朝,,
尉氏,开封府,宋朝,,
封丘,开封府,宋朝,,
咸平,开封府,宋朝,,
中牟,开封府,宋朝,,
雍丘,开封府,宋朝,,
陈留,开封府,宋朝,,
开封,开封府,宋朝,,
长垣,开封府,宋朝,,
韦城,开封府,宋朝,,
襄邑,开封府,宋朝,,
考城,开封府,宋朝,,
管城,开封府,宋朝,,
白马,开封府,宋朝,,
昨城,开封府,宋朝,,
新郑,开封府,宋朝,,
太康,开封府,宋朝,,
雍邱,开封府,宋朝,,
浚仪,开封府,宋朝,,
京畿路,宋朝,,,
陈州,京畿路,宋朝,,
项城,陈州,京畿路,宋朝,
西华,陈州,京畿路,宋朝,
宛丘,陈州,京畿路,宋朝,
商水,陈州,京畿路,宋朝,
南顿,陈州,京畿路,宋朝,
宛邱,陈州,京畿路,宋朝,
郑州,京畿路,宋朝,,
管城,郑州,京畿路,宋朝,
荥阳,郑州,京畿路,宋朝,
荥泽,郑州,京畿路,宋朝,
新郑,郑州,京畿路,宋朝,
密县,郑州,京畿路,宋朝,
原武,郑州,京畿路,宋朝,
奉宁军节度,郑州,京畿路,宋朝,
荣泽,郑州,京畿路,宋朝,
荣阳,郑州,京畿路,宋朝,
颍昌府,京畿路,宋朝,,
忠武军节度,颍昌府,京畿路,宋朝,
曹州,京畿路,宋朝,,
宛句,曹州,京畿路,宋朝,
宛亭,曹州,京畿路,宋朝,
乘氏,曹州,京畿路,宋朝,
冤句,曹州,京畿路,宋朝,
南华,曹州,京畿路,宋朝,
定陶,曹州,京畿路,宋朝,
济阴,曹州,京畿路,宋朝,
开德府,京畿路,宋朝,,
南乐,开德府,京畿路,宋朝,
朝城,开德府,京畿路,宋朝,
清丰,开德府,京畿路,宋朝,
濮阳,开德府,京畿路,宋朝,
临河,开德府,京畿路,宋朝,
卫南,开德府,京畿路,宋朝,
观城,开德府,京畿路,宋朝,
顿丘,开德府,京畿路,宋朝,
镇宁军节度,开德府,京畿路,宋朝,
拱州,京畿路,宋朝,,
太康,拱州,京畿路,宋朝,
宁陵,拱州,京畿路,宋朝,
柘城,拱州,京畿路,宋朝,
楚丘,拱州,京畿路,宋朝,
考城,拱州,京畿路,宋朝,
襄邑,拱州,京畿路,宋朝,
保庆军节度,拱州,京畿路,宋朝,
许州,京畿路,宋朝,,
阳翟,许州,京畿路,宋朝,
长葛,许州,京畿路,宋朝,
长社,许州,京畿路,宋朝,
郾城,许州,京畿路,宋朝,
郏城,许州,京畿路,宋朝,
许田,许州,京畿路,宋朝,
舞阳,许州,京畿路,宋朝,
临颍,许州,京畿路,宋朝,
临颖,许州,京畿路,宋朝,
澶州,京畿路,宋朝,,
朝城,澶州,京畿路,宋朝,
南乐,澶州,京畿路,宋朝,
清丰,澶州,京畿路,宋朝,
濮阳,澶州,京畿路,宋朝,
临河,澶州,京畿路,宋朝,
卫南,澶州,京畿路,宋朝,
观城,澶州,京畿路,宋朝,
开封府,京畿路,宋朝,,
阳武,开封府,京畿路,宋朝,
酸枣,开封府,京畿路,宋朝,
鄢陵,开封府,京畿路,宋朝,
祥符,开封府,京畿路,宋朝,
东明,开封府,京畿路,宋朝,
扶沟,开封府,京畿路,宋朝,
延津,开封府,京畿路,宋朝,
尉氏,开封府,京畿路,宋朝,
封丘,开封府,京畿路,宋朝,
咸平,开封府,京畿路,宋朝,
中牟,开封府,京畿路,宋朝,
雍丘,开封府,京畿路,宋朝,
陈留,开封府,京畿路,宋朝,
开封,开封府,京畿路,宋朝,
长垣,开封府,京畿路,宋朝,
韦城,开封府,京畿路,宋朝,
襄邑,开封府,京畿路,宋朝,
考城,开封府,京畿路,宋朝,
管城,开封府,京畿路,宋朝,
白马,开封府,京畿路,宋朝,
昨城,开封府,京畿路,宋朝,
新郑,开封府,京畿路,宋朝,
太康,开封府,京畿路,宋朝,
雍邱,开封府,京畿路,宋朝,
浚仪,开封府,京畿路,宋朝,
四川,宋朝,,,
湖广,宋朝,,,
两浙东北路,宋朝,,,
大名府路,宋朝,,,
天雄军节度,大名府路,宋朝,,
高阳关路,宋朝,,,
真定府路,宋朝,,,
定州路,宋朝,,,
宋代封国封郡,宋朝,,,
唐国,宋代封国封郡,宋朝,,
澶国,宋代封国封郡,宋朝,,
康国,宋代封国封郡,宋朝,,
成国,宋代封国封郡,宋朝,,
忠国,宋代封国封郡,宋朝,,
滕国,宋代封国封郡,宋朝,,
蔡国,宋代封国封郡,宋朝,,
宣国,宋代封国封郡,宋朝,,
袁国,宋代封国封郡,宋朝,,
郑国,宋代封国封郡,宋朝,,
许国,宋代封国封郡,宋朝,,
嘉国,宋代封国封郡,宋朝,,
舒国,宋代封国封郡,宋朝,,
襄国,宋代封国封郡,宋朝,,
吴国,宋代封国封郡,宋朝,,
楚国,宋代封国封郡,宋朝,,
益国,宋代封国封郡,宋朝,,
广国,宋代封国封郡,宋朝,,
祁国,宋代封国封郡,宋朝,,
莒国,宋代封国封郡,宋朝,,
吉国,宋代封国封郡,宋朝,,
申国,宋代封国封郡,宋朝,,
秦国,宋代封国封郡,宋朝,,
荣国,宋代封国封郡,宋朝,,
越国,宋代封国封郡,宋朝,,
温国,宋代封国封郡,宋朝,,
荆国,宋代封国封郡,宋朝,,
福国,宋代封国封郡,宋朝,,
潞国,宋代封国封郡,宋朝,,
信国,宋代封国封郡,宋朝,,
惠国,宋代封国封郡,宋朝,,
齐国,宋代封国封郡,宋朝,,
卫国,宋代封国封郡,宋朝,,
周国,宋代封国封郡,宋朝,,
沂国,宋代封国封郡,宋朝,,
蜀国,宋代封国封郡,宋朝,,
魏国,宋代封国封郡,宋朝,,
兖国,宋代封国封郡,宋朝,,
汉国,宋代封国封郡,宋朝,,
岐国,宋代封国封郡,宋朝,,
冀国,宋代封国封郡,宋朝,,
鲁国,宋代封国封郡,宋朝,,
韩国,宋代封国封郡,宋朝,,
英国,宋代封国封郡,宋朝,,
莱国,宋代封国封郡,宋朝,,
燕国,宋代封国封郡,宋朝,,
晋国,宋代封国封郡,宋朝,,
崇国,宋代封国封郡,宋朝,,
永国,宋代封国封郡,宋朝,,
均国,宋代封国封郡,宋朝,,
庆国,宋代封国封郡,宋朝,,
相国,宋代封国封郡,宋朝,,
镇国,宋代封国封郡,宋朝,,
陈国,宋代封国封郡,宋朝,,
郇国,宋代封国封郡,宋朝,,
邓国,宋代封国封郡,宋朝,,
谯国,宋代封国封郡,宋朝,,
郓国,宋代封国封郡,宋朝,,
代国,宋代封国封郡,宋朝,,
仪国,宋代封国封郡,宋朝,,
光国,宋代封国封郡,宋朝,,
和国,宋代封国封郡,宋朝,,
商国,宋代封国封郡,宋朝,,
寿国,宋代封国封郡,宋朝,,
夏国,宋代封国封郡,宋朝,,
婺国,宋代封国封郡,宋朝,,
定国,宋代封国封郡,宋朝,,
密国,宋代封国封郡,宋朝,,
封国,宋代封国封郡,宋朝,,
尹国,宋代封国封郡,宋朝,,
建国,宋代封国封郡,宋朝,,
徐国,宋代封国封郡,宋朝,,
循国,宋代封国封郡,宋朝,,
房国,宋代封国封郡,宋朝,,
扬国,宋代封国封郡,宋朝,,
昌国,宋代封国封郡,宋朝,,
景国,宋代封国封郡,宋朝,,
曹国,宋代封国封郡,宋朝,,
杞国,宋代封国封郡,宋朝,,
梁国,宋代封国封郡,宋朝,,
求国,宋代封国封郡,宋朝,,
沛国,宋代封国封郡,宋朝,,
洋国,宋代封国封郡,宋朝,,
洛国,宋代封国封郡,宋朝,,
泾国,宋代封国封郡,宋朝,,
淑国,宋代封国封郡,宋朝,,
颍国,宋代封国封郡,宋朝,,
润国,宋代封国封郡,宋朝,,
潭国,宋代封国封郡,宋朝,,
济国,宋代封国封郡,宋朝,,
濮国,宋代封国封郡,宋朝,,
瀛国,宋代封国封郡,宋朝,,
祈国,宋代封国封郡,宋朝,,
秀国,宋代封国封郡,宋朝,,
义国,宋代封国封郡,宋朝,,
翼国,宋代封国封郡,宋朝,,
茂国,宋代封国封郡,宋朝,,
华国,宋代封国封郡,宋朝,,
蒋国,宋代封国封郡,宋朝,,
萧国,宋代封国封郡,宋朝,,
虢国,宋代封国封郡,宋朝,,
褒国,宋代封国封郡,宋朝,,
丰国,宋代封国封郡,宋朝,,
贺国,宋代封国封郡,宋朝,,
资国,宋代封国封郡,宋朝,,
通国,宋代封国封郡,宋朝,,
遂国,宋代封国封郡,宋朝,,
邠国,宋代封国封郡,宋朝,,
邢国,宋代封国封郡,宋朝,,
郢国,宋代封国封郡,宋朝,,
鄂国,宋代封国封郡,宋朝,,
鄠国,宋代封国封郡,宋朝,,
雍国,宋代封国封郡,宋朝,,
霍国,宋代封国封郡,宋朝,,
韶国,宋代封国封郡,宋朝,,
顺国,宋代封国封郡,宋朝,,
安国,宋代封国封郡,宋朝,,
涪国,宋代封国封郡,宋朝,,
淄国,宋代封国封郡,宋朝,,
简国,宋代封国封郡,宋朝,,
莘国,宋代封国封郡,宋朝,,
邕国,宋代封国封郡,宋朝,,
郯国,宋代封国封郡,宋朝,,
周汉国,宋代封国封郡,宋朝,,
周晋国,宋代封国封郡,宋朝,,
思国,宋代封国封郡,宋朝,,
恭国,宋代封国封郡,宋朝,,
怀国,宋代封国封郡,宋朝,,
杨国,宋代封国封郡,宋朝,,
文安郡,宋代封国封郡,宋朝,,
琅琊郡,宋代封国封郡,宋朝,,
太原郡,宋代封国封郡,宋朝,,
长清郡,宋代封国封郡,宋朝,,
平原郡,宋代封国封郡,宋朝,,
京兆郡,宋代封国封郡,宋朝,,
东海郡,宋代封国封郡,宋朝,,
长沙郡,宋代封国封郡,宋朝,,
永嘉郡,宋代封国封郡,宋朝,,
河内郡,宋代封国封郡,宋朝,,
新安郡,宋代封国封郡,宋朝,,
陇西郡,宋代封国封郡,宋朝,,
南平郡,宋代封国封郡,宋朝,,
交趾郡,宋代封国封郡,宋朝,,
建安郡,宋代封国封郡,宋朝,,
永安郡,宋代封国封郡,宋朝,,
大宁郡,宋代封国封郡,宋朝,,
东莱郡,宋代封国封郡,宋朝,,
奉化郡,宋代封国封郡,宋朝,,
长乐郡,宋代封国封郡,宋朝,,
汉东郡,宋代封国封郡,宋朝,,
信安郡,宋代封国封郡,宋朝,,
平乐郡,宋代封国封郡,宋朝,,
寿春郡,宋代封国封郡,宋朝,,
武阳郡,宋代封国封郡,宋朝,,
河南郡,宋代封国封郡,宋朝,,
江陵郡,宋代封国封郡,宋朝,,
清河郡,宋代封国封郡,宋朝,,
陈留郡,宋代封国封郡,宋朝,,
怀德郡,宋代封国封郡,宋朝,,
普安郡,宋代封国封郡,宋朝,,
齐安郡,宋代封国封郡,宋朝,,
吴兴郡,宋代封国封郡,宋朝,,
嘉兴郡,宋代封国封郡,宋朝,,
昌元郡,宋代封国封郡,宋朝,,
德阳郡,宋代封国封郡,宋朝,,
博平郡,宋代封国封郡,宋朝,,
济阳郡,宋代封国封郡,宋朝,,
乐安郡,宋代封国封郡,宋朝,,
江夏郡,宋代封国封郡,宋朝,,
巨鹿郡,宋代封国封郡,宋朝,,
恩平郡,宋代封国封郡,宋朝,,
新兴郡,宋代封国封郡,宋朝,,
永宁郡,宋代封国封郡,宋朝,,
安定郡,宋代封国封郡,宋朝,,
金乡郡,宋代封国封郡,宋朝,,
安康郡,宋代封国封郡,宋朝,,
兴平郡,宋代封国封郡,宋朝,,
吴郡,宋代封国封郡,宋朝,,
上谷郡,宋代封国封郡,宋朝,,
上饶郡,宋代封国封郡,宋朝,,
丹阳郡,宋代封国封郡,宋朝,,
仁寿郡,宋代封国封郡,宋朝,,
信都郡,宋代封国封郡,宋朝,,
北海郡,宋代封国封郡,宋朝,,
南康郡,宋代封国封郡,宋朝,,
南海郡,宋代封国封郡,宋朝,,
南阳郡,宋代封国封郡,宋朝,,
博陵郡,宋代封国封郡,宋朝,,
原武郡,宋代封国封郡,宋朝,,
合沙郡,宋代封国封郡,宋朝,,
同安郡,宋代封国封郡,宋朝,,
吴国郡,宋代封国封郡,宋朝,,
和政郡,宋代封国封郡,宋朝,,
和义郡,宋代封国封郡,宋朝,,
咸安郡,宋代封国封郡,宋朝,,
咸宁郡,宋代封国封郡,宋朝,,
咸义郡,宋代封国封郡,宋朝,,
寿沙郡,宋代封国封郡,宋朝,,
天水郡,宋代封国封郡,宋朝,,
太宁郡,宋代封国封郡,宋朝,,
太山郡,宋代封国封郡,宋朝,,
始平郡,宋代封国封郡,宋朝,,
安化郡,宋代封国封郡,宋朝,,
安唐郡,宋代封国封郡,宋朝,,
安乐郡,宋代封国封郡,宋朝,,
定襄郡,宋代封国封郡,宋朝,,
宜春郡,宋代封国封郡,宋朝,,
宣城郡,宋代封国封郡,宋朝,,
封鲁郡,宋代封国封郡,宋朝,,
崇德郡,宋代封国封郡,宋朝,,
常山郡,宋代封国封郡,宋朝,,
平昌郡,宋代封国封郡,宋朝,,
平阳郡,宋代封国封郡,宋朝,,
广平郡,宋代封国封郡,宋朝,,
广陵郡,宋代封国封郡,宋朝,,
广阳郡,宋代封国封郡,宋朝,,
庐陵郡,宋代封国封郡,宋朝,,
延安郡,宋代封国封郡,宋朝,,
彭城郡,宋代封国封郡,宋朝,,
房陵郡,宋代封国封郡,宋朝,,
新平郡,宋代封国封郡,宋朝,,
昌化郡,宋代封国封郡,宋朝,,
晋康郡,宋代封国封郡,宋朝,,
普宁郡,宋代封国封郡,宋朝,,
景安郡,宋代封国封郡,宋朝,,
会稽郡,宋代封国封郡,宋朝,,
东平郡,宋代封国封郡,宋朝,,
东阳郡,宋代封国封郡,宋朝,,
乐平郡,宋代封国封郡,宋朝,,
乐陵郡,宋代封国封郡,宋朝,,
武威郡,宋代封国封郡,宋朝,,
武宁郡,宋代封国封郡,宋朝,,
武陵郡,宋代封国封郡,宋朝,,
永寿郡,宋代封国封郡,宋朝,,
永康郡,宋代封国封郡,宋朝,,
永昌郡,宋代封国封郡,宋朝,,
永郡,宋代封国封郡,宋朝,,
永阳郡,宋代封国封郡,宋朝,,
汝南郡,宋代封国封郡,宋朝,,
河东郡,宋代封国封郡,宋朝,,
河闲郡,宋代封国封郡,宋朝,,
河间郡,宋代封国封郡,宋朝,,
河阳郡,宋代封国封郡,宋朝,,
泰宁郡,宋代封国封郡,宋朝,,
洋川郡,宋代封国封郡,宋朝,,
淮安郡,宋代封国封郡,宋朝,,
淮阳郡,宋代封国封郡,宋朝,,
淳安郡,宋代封国封郡,宋朝,,
清原郡,宋代封国封郡,宋朝,,
清江郡,宋代封国封郡,宋朝,,
清源郡,宋代封国封郡,宋朝,,
清郡,宋代封国封郡,宋朝,,
渤海郡,宋代封国封郡,宋朝,,
荥阳郡,宋代封国封郡,宋朝,,
颍川郡,宋代封国封郡,宋朝,,
颍州郡,宋代封国封郡,宋朝,,
济阴郡,宋代封国封郡,宋朝,,
濠梁郡,宋代封国封郡,宋朝,,
濮阳郡,宋代封国封郡,宋朝,,
犍为郡,宋代封国封郡,宋朝,,
瑯琊郡,宋代封国封郡,宋朝,,
缙云郡,宋代封国封郡,宋朝,,
临川郡,宋代封国封郡,宋朝,,
临沂郡,宋代封国封郡,宋朝,,
临海郡,宋代封国封郡,宋朝,,
华原郡,宋代封国封郡,宋朝,,
华阴郡,宋代封国封郡,宋朝,,
蕲春郡,宋代封国封郡,宋朝,,
虢郡,宋代封国封郡,宋朝,,
蜀郡,宋代封国封郡,宋朝,,
襄阳郡,宋代封国封郡,宋朝,,
谯郡,宋代封国封郡,宋朝,,
豫章郡,宋代封国封郡,宋朝,,
赠康郡,宋代封国封郡,宋朝,,
赠文郡,宋代封国封郡,宋朝,,
通义郡,宋代封国封郡,宋朝,,
进封郡,宋代封国封郡,宋朝,,
遂宁郡,宋代封国封郡,宋朝,,
郡郡,宋代封国封郡,宋朝,,
鄱阳郡,宋代封国封郡,宋朝,,
长安郡,宋代封国封郡,宋朝,,
陇右郡,宋代封国封郡,宋朝,,
饶阳郡,宋代封国封郡,宋朝,,
冯翊郡,宋代封国封郡,宋朝,,
高密郡,宋代封国封郡,宋朝,,
高平郡,宋代封国封郡,宋朝,,
高阳郡,宋代封国封郡,宋朝,,
魏郡,宋代封国封郡,宋朝,,
鲁郡,宋代封国封郡,宋朝,,
鴈门郡,宋代封国封郡,宋朝,,
赵郡,宋代封国封郡,宋朝,,
宋代节度(地区未详),宋朝,,,
建宁军节度,宋代节度(地区未详),宋朝,,
河南军节度,宋代节度(地区未详),宋朝,,
岭南军节度,宋代节度(地区未详),宋朝,,
海清节度,宋代节度(地区未详),宋朝,,
太平军军节度,宋代节度(地区未详),宋朝,,
靖江军节度,宋代节度(地区未详),宋朝,,
云南军节度,宋代节度(地区未详),宋朝,,
雄远军节度,宋代节度(地区未详),宋朝,,
陜府军节度,宋代节度(地区未详),宋朝,,
镇武军节度,宋代节度(地区未详),宋朝,,
江宁军节度,宋代节度(地区未详),宋朝,,
归义军节度,宋代节度(地区未详),宋朝,,
武威军节度,宋代节度(地区未详),宋朝,,
广海军节度,宋代节度(地区未详),宋朝,,
川昌军节度,宋代节度(地区未详),宋朝,,
崇宁军节度,宋代节度(地区未详),宋朝,,
山南军节度,宋代节度(地区未详),宋朝,,
威德军节度,宋代节度(地区未详),宋朝,,
右德军节度,宋代节度(地区未详),宋朝,,
保定军节度,宋代节度(地区未详),宋朝,,
淮北,宋朝,,,
梓夔路,宋朝,,,
灵环路,宋朝,,,
两淮路,宋朝,,,
江南,宋朝,,,
广南,宋朝,,,
山东,宋朝,,,
燕,宋朝,,,
华北平原/中原,宋朝,,,
北海军,宋朝,,,
